source,material,materialType,weight,weightUnit,sellPrice,buybackPrice,currency,recordedDate,lineKey
"hargaemas-net","gold","Emas LM Batangan Antam",1,"gr",2769000,2576000,"IDR","2026-05-17",""
"hargaemas-net","gold","Emas LM Batangan Antam",2,"gr",5478000,0,"IDR","2026-05-17",""
"hargaemas-net","gold","Emas LM Batangan Antam",3,"gr",8192000,0,"IDR","2026-05-17",""
"hargaemas-net","gold","Emas LM Batangan Antam",5,"gr",13620000,0,"IDR","2026-05-17",""
"hargaemas-net","gold","Emas LM Batangan Antam",10,"gr",27185000,0,"IDR","2026-05-17",""
"hargaemas-net","gold","Emas LM Batangan Antam",25,"gr",67837000,0,"IDR","2026-05-17",""
"hargaemas-net","gold","Emas LM Batangan Antam",50,"gr",135595000,0,"IDR","2026-05-17",""
"hargaemas-net","gold","Emas LM Batangan Antam",100,"gr",271112000,0,"IDR","2026-05-17",""
"hargaemas-net","gold","Emas LM Batangan Antam",250,"gr",677515000,0,"IDR","2026-05-17",""
"hargaemas-net","gold","Emas LM Batangan Antam",500,"gr",1354820000,0,"IDR","2026-05-17",""
"hargaemas-net","gold","Emas LM Batangan Antam",1000,"gr",2709600000,0,"IDR","2026-05-17",""
"hargaemas-net","gold","Emas LM Batangan Antam",0.5,"gr",1432000,0,"IDR","2026-05-18",""
"hargaemas-net","gold","Emas LM Batangan Antam",1,"gr",2764000,2569000,"IDR","2026-05-18",""
"hargaemas-net","gold","Emas LM Batangan Antam",2,"gr",5468000,0,"IDR","2026-05-18",""
"hargaemas-net","gold","Emas LM Batangan Antam",3,"gr",8177000,0,"IDR","2026-05-18",""
"hargaemas-net","gold","Emas LM Batangan Antam",5,"gr",13595000,0,"IDR","2026-05-18",""
"hargaemas-net","gold","Emas LM Batangan Antam",10,"gr",27135000,0,"IDR","2026-05-18",""
"hargaemas-net","gold","Emas LM Batangan Antam",25,"gr",67712000,0,"IDR","2026-05-18",""
"hargaemas-net","gold","Emas LM Batangan Antam",50,"gr",135345000,0,"IDR","2026-05-18",""
"hargaemas-net","gold","Emas LM Batangan Antam",100,"gr",270612000,0,"IDR","2026-05-18",""
"hargaemas-net","gold","Emas LM Batangan Antam",250,"gr",676265000,0,"IDR","2026-05-18",""
"hargaemas-net","gold","Emas LM Batangan Antam",500,"gr",1352320000,0,"IDR","2026-05-18",""
"hargaemas-net","gold","Emas LM Batangan Antam",1000,"gr",2704600000,0,"IDR","2026-05-18",""
"hargaemas-net","gold","Emas LM Batangan Antam",0.5,"gr",1444500,0,"IDR","2026-05-19",""
"hargaemas-net","gold","Emas LM Batangan Antam",1,"gr",2789000,2594000,"IDR","2026-05-19",""
"hargaemas-net","gold","Emas LM Batangan Antam",2,"gr",5518000,0,"IDR","2026-05-19",""
"hargaemas-net","gold","Emas LM Batangan Antam",3,"gr",8252000,0,"IDR","2026-05-19",""
"hargaemas-net","gold","Emas LM Batangan Antam",5,"gr",13720000,0,"IDR","2026-05-19",""
"hargaemas-net","gold","Emas LM Batangan Antam",10,"gr",27385000,0,"IDR","2026-05-19",""
"hargaemas-net","gold","Emas LM Batangan Antam",25,"gr",68337000,0,"IDR","2026-05-19",""
"hargaemas-net","gold","Emas LM Batangan Antam",50,"gr",136595000,0,"IDR","2026-05-19",""
"hargaemas-net","gold","Emas LM Batangan Antam",100,"gr",273112000,0,"IDR","2026-05-19",""
"hargaemas-net","gold","Emas LM Batangan Antam",250,"gr",682515000,0,"IDR","2026-05-19",""
"hargaemas-net","gold","Emas LM Batangan Antam",500,"gr",1364820000,0,"IDR","2026-05-19",""
"hargaemas-net","gold","Emas LM Batangan Antam",1000,"gr",2729600000,0,"IDR","2026-05-19",""
"hargaemas-net","gold","Emas LM Batangan Antam",0.5,"gr",1432500,0,"IDR","2026-05-20",""
"hargaemas-net","gold","Emas LM Batangan Antam",1,"gr",2765000,2569000,"IDR","2026-05-20",""
"hargaemas-net","gold","Emas LM Batangan Antam",2,"gr",5470000,0,"IDR","2026-05-20",""
"hargaemas-net","gold","Emas LM Batangan Antam",3,"gr",8180000,0,"IDR","2026-05-20",""
"hargaemas-net","gold","Emas LM Batangan Antam",5,"gr",13600000,0,"IDR","2026-05-20",""
"hargaemas-net","gold","Emas LM Batangan Antam",10,"gr",27145000,0,"IDR","2026-05-20",""
"hargaemas-net","gold","Emas LM Batangan Antam",25,"gr",67737000,0,"IDR","2026-05-20",""
"hargaemas-net","gold","Emas LM Batangan Antam",50,"gr",135395000,0,"IDR","2026-05-20",""
"hargaemas-net","gold","Emas LM Batangan Antam",100,"gr",270712000,0,"IDR","2026-05-20",""
"hargaemas-net","gold","Emas LM Batangan Antam",250,"gr",676515000,0,"IDR","2026-05-20",""
"hargaemas-net","gold","Emas LM Batangan Antam",500,"gr",1352820000,0,"IDR","2026-05-20",""
"hargaemas-net","gold","Emas LM Batangan Antam",1000,"gr",2705600000,0,"IDR","2026-05-20",""
"hargaemas-net","gold","Emas LM Batangan Antam",0.5,"gr",1432500,0,"IDR","2026-05-21",""
"hargaemas-net","gold","Emas LM Batangan Antam",1,"gr",2765000,2569000,"IDR","2026-05-21",""
"hargaemas-net","gold","Emas LM Batangan Antam",2,"gr",5470000,0,"IDR","2026-05-21",""
"hargaemas-net","gold","Emas LM Batangan Antam",3,"gr",8180000,0,"IDR","2026-05-21",""
"hargaemas-net","gold","Emas LM Batangan Antam",5,"gr",13600000,0,"IDR","2026-05-21",""
"hargaemas-net","gold","Emas LM Batangan Antam",10,"gr",27145000,0,"IDR","2026-05-21",""
"hargaemas-net","gold","Emas LM Batangan Antam",25,"gr",67737000,0,"IDR","2026-05-21",""
"hargaemas-net","gold","Emas LM Batangan Antam",50,"gr",135395000,0,"IDR","2026-05-21",""
"hargaemas-net","gold","Emas LM Batangan Antam",100,"gr",270712000,0,"IDR","2026-05-21",""
"hargaemas-net","gold","Emas LM Batangan Antam",250,"gr",676515000,0,"IDR","2026-05-21",""
"hargaemas-net","gold","Emas LM Batangan Antam",500,"gr",1352820000,0,"IDR","2026-05-21",""
"hargaemas-net","gold","Emas LM Batangan Antam",1000,"gr",2705600000,0,"IDR","2026-05-21",""
"hargaemas-net","gold","Emas LM Batangan Antam",0.5,"gr",1444000,0,"IDR","2026-05-22",""
"hargaemas-net","gold","Emas LM Batangan Antam",1,"gr",2788000,2592000,"IDR","2026-05-22",""
"hargaemas-net","gold","Emas LM Batangan Antam",2,"gr",5516000,0,"IDR","2026-05-22",""
"hargaemas-net","gold","Emas LM Batangan Antam",3,"gr",8249000,0,"IDR","2026-05-22",""
"hargaemas-net","gold","Emas LM Batangan Antam",5,"gr",13715000,0,"IDR","2026-05-22",""
"hargaemas-net","gold","Emas LM Batangan Antam",10,"gr",27375000,0,"IDR","2026-05-22",""
"hargaemas-net","gold","Emas LM Batangan Antam",25,"gr",68312000,0,"IDR","2026-05-22",""
"hargaemas-net","gold","Emas LM Batangan Antam",50,"gr",136545000,0,"IDR","2026-05-22",""
"hargaemas-net","gold","Emas LM Batangan Antam",100,"gr",273012000,0,"IDR","2026-05-22",""
"hargaemas-net","gold","Emas LM Batangan Antam",250,"gr",682265000,0,"IDR","2026-05-22",""
"hargaemas-net","gold","Emas LM Batangan Antam",500,"gr",1364320000,0,"IDR","2026-05-22",""
"hargaemas-net","gold","Emas LM Batangan Antam",1000,"gr",2728600000,0,"IDR","2026-05-22",""
"hargaemas-net","gold","Emas LM Batangan Antam",0.5,"gr",1436500,0,"IDR","2026-05-23",""
"hargaemas-net","gold","Emas LM Batangan Antam",1,"gr",2773000,2577000,"IDR","2026-05-23",""
"hargaemas-net","gold","Emas LM Batangan Antam",2,"gr",5486000,0,"IDR","2026-05-23",""
"hargaemas-net","gold","Emas LM Batangan Antam",3,"gr",8204000,0,"IDR","2026-05-23",""
"hargaemas-net","gold","Emas LM Batangan Antam",5,"gr",13640000,0,"IDR","2026-05-23",""
"hargaemas-net","gold","Emas LM Batangan Antam",10,"gr",27225000,0,"IDR","2026-05-23",""
"hargaemas-net","gold","Emas LM Batangan Antam",25,"gr",67937000,0,"IDR","2026-05-23",""
"hargaemas-net","gold","Emas LM Batangan Antam",50,"gr",135795000,0,"IDR","2026-05-23",""
"hargaemas-net","gold","Emas LM Batangan Antam",100,"gr",271512000,0,"IDR","2026-05-23",""
"hargaemas-net","gold","Emas LM Batangan Antam",250,"gr",678515000,0,"IDR","2026-05-23",""
"hargaemas-net","gold","Emas LM Batangan Antam",500,"gr",1356820000,0,"IDR","2026-05-23",""
"hargaemas-net","gold","Emas LM Batangan Antam",1000,"gr",2713600000,0,"IDR","2026-05-23",""
"hargaemas-net","gold","Emas LM Batangan Antam",0.5,"gr",1436500,0,"IDR","2026-05-24",""
"hargaemas-net","gold","Emas LM Batangan Antam",1,"gr",2773000,2577000,"IDR","2026-05-24",""
"hargaemas-net","gold","Emas LM Batangan Antam",2,"gr",5486000,0,"IDR","2026-05-24",""
"hargaemas-net","gold","Emas LM Batangan Antam",3,"gr",8204000,0,"IDR","2026-05-24",""
"hargaemas-net","gold","Emas LM Batangan Antam",5,"gr",13640000,0,"IDR","2026-05-24",""
"hargaemas-net","gold","Emas LM Batangan Antam",10,"gr",27225000,0,"IDR","2026-05-24",""
"hargaemas-net","gold","Emas LM Batangan Antam",25,"gr",67937000,0,"IDR","2026-05-24",""
"hargaemas-net","gold","Emas LM Batangan Antam",50,"gr",135795000,0,"IDR","2026-05-24",""
"hargaemas-net","gold","Emas LM Batangan Antam",100,"gr",271512000,0,"IDR","2026-05-24",""
"hargaemas-net","gold","Emas LM Batangan Antam",250,"gr",678515000,0,"IDR","2026-05-24",""
"hargaemas-net","gold","Emas LM Batangan Antam",500,"gr",1356820000,0,"IDR","2026-05-24",""
"hargaemas-net","gold","Emas LM Batangan Antam",1000,"gr",2713600000,0,"IDR","2026-05-24",""
"hargaemas-net","gold","Emas LM Batangan Antam",0.5,"gr",1451500,0,"IDR","2026-05-25",""
"hargaemas-net","gold","Emas LM Batangan Antam",1,"gr",2803000,2612000,"IDR","2026-05-25",""
"hargaemas-net","gold","Emas LM Batangan Antam",2,"gr",5546000,0,"IDR","2026-05-25",""
"hargaemas-net","gold","Emas LM Batangan Antam",3,"gr",8294000,0,"IDR","2026-05-25",""
"hargaemas-net","gold","Emas LM Batangan Antam",5,"gr",13790000,0,"IDR","2026-05-25",""
"hargaemas-net","gold","Emas LM Batangan Antam",10,"gr",27525000,0,"IDR","2026-05-25",""
"hargaemas-net","gold","Emas LM Batangan Antam",25,"gr",68687000,0,"IDR","2026-05-25",""
"hargaemas-net","gold","Emas LM Batangan Antam",50,"gr",137295000,0,"IDR","2026-05-25",""
"hargaemas-net","gold","Emas LM Batangan Antam",100,"gr",274512000,0,"IDR","2026-05-25",""
"hargaemas-net","gold","Emas LM Batangan Antam",250,"gr",686015000,0,"IDR","2026-05-25",""
"hargaemas-net","gold","Emas LM Batangan Antam",500,"gr",1371820000,0,"IDR","2026-05-25",""
"hargaemas-net","gold","Emas LM Batangan Antam",1000,"gr",2743600000,0,"IDR","2026-05-25",""
"hargaemas-net","gold","Emas LM Batangan Antam",0.5,"gr",1449000,0,"IDR","2026-05-26",""
"hargaemas-net","gold","Emas LM Batangan Antam",1,"gr",2798000,2607000,"IDR","2026-05-26",""
"hargaemas-net","gold","Emas LM Batangan Antam",2,"gr",5536000,0,"IDR","2026-05-26",""
"hargaemas-net","gold","Emas LM Batangan Antam",3,"gr",8279000,0,"IDR","2026-05-26",""
"hargaemas-net","gold","Emas LM Batangan Antam",5,"gr",13765000,0,"IDR","2026-05-26",""
"hargaemas-net","gold","Emas LM Batangan Antam",10,"gr",27475000,0,"IDR","2026-05-26",""
"hargaemas-net","gold","Emas LM Batangan Antam",25,"gr",68562000,0,"IDR","2026-05-26",""
"hargaemas-net","gold","Emas LM Batangan Antam",50,"gr",137045000,0,"IDR","2026-05-26",""
"hargaemas-net","gold","Emas LM Batangan Antam",100,"gr",274012000,0,"IDR","2026-05-26",""
"hargaemas-net","gold","Emas LM Batangan Antam",250,"gr",684765000,0,"IDR","2026-05-26",""
"hargaemas-net","gold","Emas LM Batangan Antam",500,"gr",1369320000,0,"IDR","2026-05-26",""
"hargaemas-net","gold","Emas LM Batangan Antam",1000,"gr",2738600000,0,"IDR","2026-05-26",""
"hargaemas-net","gold","Emas LM Batangan Antam",0.5,"gr",1442500,0,"IDR","2026-05-27",""
"hargaemas-net","gold","Emas LM Batangan Antam",1,"gr",2785000,2594000,"IDR","2026-05-27",""
"hargaemas-net","gold","Emas LM Batangan Antam",2,"gr",5510000,0,"IDR","2026-05-27",""
"hargaemas-net","gold","Emas LM Batangan Antam",3,"gr",8240000,0,"IDR","2026-05-27",""
"hargaemas-net","gold","Emas LM Batangan Antam",5,"gr",13700000,0,"IDR","2026-05-27",""
"hargaemas-net","gold","Emas LM Batangan Antam",10,"gr",27345000,0,"IDR","2026-05-27",""
"hargaemas-net","gold","Emas LM Batangan Antam",25,"gr",68237000,0,"IDR","2026-05-27",""
"hargaemas-net","gold","Emas LM Batangan Antam",50,"gr",136395000,0,"IDR","2026-05-27",""
"hargaemas-net","gold","Emas LM Batangan Antam",100,"gr",272712000,0,"IDR","2026-05-27",""
"hargaemas-net","gold","Emas LM Batangan Antam",250,"gr",681515000,0,"IDR","2026-05-27",""
"hargaemas-net","gold","Emas LM Batangan Antam",500,"gr",1362820000,0,"IDR","2026-05-27",""
"hargaemas-net","gold","Emas LM Batangan Antam",1000,"gr",2725600000,0,"IDR","2026-05-27",""
"hargaemas-net","gold","Emas LM Batangan Antam",0.5,"gr",1427000,0,"IDR","2026-05-28",""
"hargaemas-net","gold","Emas LM Batangan Antam",1,"gr",2754000,2557000,"IDR","2026-05-28",""
"hargaemas-net","gold","Emas LM Batangan Antam",2,"gr",5448000,0,"IDR","2026-05-28",""
"hargaemas-net","gold","Emas LM Batangan Antam",3,"gr",8147000,0,"IDR","2026-05-28",""
"hargaemas-net","gold","Emas LM Batangan Antam",5,"gr",13545000,0,"IDR","2026-05-28",""
"hargaemas-net","gold","Emas LM Batangan Antam",10,"gr",27035000,0,"IDR","2026-05-28",""
"hargaemas-net","gold","Emas LM Batangan Antam",25,"gr",67462000,0,"IDR","2026-05-28",""
"hargaemas-net","gold","Emas LM Batangan Antam",50,"gr",134845000,0,"IDR","2026-05-28",""
"hargaemas-net","gold","Emas LM Batangan Antam",100,"gr",269612000,0,"IDR","2026-05-28",""
"hargaemas-net","gold","Emas LM Batangan Antam",250,"gr",673765000,0,"IDR","2026-05-28",""
"hargaemas-net","gold","Emas LM Batangan Antam",500,"gr",1347320000,0,"IDR","2026-05-28",""
"hargaemas-net","gold","Emas LM Batangan Antam",1000,"gr",2694600000,0,"IDR","2026-05-28",""
"hargaemas-net","gold","Emas LM Batangan Antam",0.5,"gr",1437000,0,"IDR","2026-05-29",""
"hargaemas-net","gold","Emas LM Batangan Antam",1,"gr",2774000,2579000,"IDR","2026-05-29",""
"hargaemas-net","gold","Emas LM Batangan Antam",2,"gr",5488000,0,"IDR","2026-05-29",""
"hargaemas-net","gold","Emas LM Batangan Antam",3,"gr",8207000,0,"IDR","2026-05-29",""
"hargaemas-net","gold","Emas LM Batangan Antam",5,"gr",13645000,0,"IDR","2026-05-29",""
"hargaemas-net","gold","Emas LM Batangan Antam",10,"gr",27235000,0,"IDR","2026-05-29",""
"hargaemas-net","gold","Emas LM Batangan Antam",25,"gr",67962000,0,"IDR","2026-05-29",""
"hargaemas-net","gold","Emas LM Batangan Antam",50,"gr",135845000,0,"IDR","2026-05-29",""
"hargaemas-net","gold","Emas LM Batangan Antam",100,"gr",271612000,0,"IDR","2026-05-29",""
"hargaemas-net","gold","Emas LM Batangan Antam",250,"gr",678765000,0,"IDR","2026-05-29",""
"hargaemas-net","gold","Emas LM Batangan Antam",500,"gr",1357320000,0,"IDR","2026-05-29",""
"hargaemas-net","gold","Emas LM Batangan Antam",1000,"gr",2714600000,0,"IDR","2026-05-29",""
"hargaemas-net","gold","Emas LM Batangan Antam",0.5,"gr",1449500,0,"IDR","2026-05-30",""
"hargaemas-net","gold","Emas LM Batangan Antam",1,"gr",2799000,2609000,"IDR","2026-05-30",""
"hargaemas-net","gold","Emas LM Batangan Antam",2,"gr",5538000,0,"IDR","2026-05-30",""
"hargaemas-net","gold","Emas LM Batangan Antam",3,"gr",8282000,0,"IDR","2026-05-30",""
"hargaemas-net","gold","Emas LM Batangan Antam",5,"gr",13770000,0,"IDR","2026-05-30",""
"hargaemas-net","gold","Emas LM Batangan Antam",10,"gr",27485000,0,"IDR","2026-05-30",""
"hargaemas-net","gold","Emas LM Batangan Antam",25,"gr",68587000,0,"IDR","2026-05-30",""
"hargaemas-net","gold","Emas LM Batangan Antam",50,"gr",137095000,0,"IDR","2026-05-30",""
"hargaemas-net","gold","Emas LM Batangan Antam",100,"gr",274112000,0,"IDR","2026-05-30",""
"hargaemas-net","gold","Emas LM Batangan Antam",250,"gr",685015000,0,"IDR","2026-05-30",""
"hargaemas-net","gold","Emas LM Batangan Antam",500,"gr",1369820000,0,"IDR","2026-05-30",""
"hargaemas-net","gold","Emas LM Batangan Antam",1000,"gr",2739600000,0,"IDR","2026-05-30",""
"hargaemas-net","gold","Emas LM Batangan Antam",0.5,"gr",1449500,0,"IDR","2026-05-31",""
"hargaemas-net","gold","Emas LM Batangan Antam",1,"gr",2799000,2609000,"IDR","2026-05-31",""
"hargaemas-net","gold","Emas LM Batangan Antam",2,"gr",5538000,0,"IDR","2026-05-31",""
"hargaemas-net","gold","Emas LM Batangan Antam",3,"gr",8282000,0,"IDR","2026-05-31",""
"hargaemas-net","gold","Emas LM Batangan Antam",5,"gr",13770000,0,"IDR","2026-05-31",""
"hargaemas-net","gold","Emas LM Batangan Antam",10,"gr",27485000,0,"IDR","2026-05-31",""
"hargaemas-net","gold","Emas LM Batangan Antam",25,"gr",68587000,0,"IDR","2026-05-31",""
"hargaemas-net","gold","Emas LM Batangan Antam",50,"gr",137095000,0,"IDR","2026-05-31",""
"hargaemas-net","gold","Emas LM Batangan Antam",100,"gr",274112000,0,"IDR","2026-05-31",""
"hargaemas-net","gold","Emas LM Batangan Antam",250,"gr",685015000,0,"IDR","2026-05-31",""
"hargaemas-net","gold","Emas LM Batangan Antam",500,"gr",1369820000,0,"IDR","2026-05-31",""
"hargaemas-net","gold","Emas LM Batangan Antam",1000,"gr",2739600000,0,"IDR","2026-05-31",""
"hargaemas-net","gold","Emas LM Batangan Antam",0.5,"gr",1449500,0,"IDR","2026-06-01",""
"hargaemas-net","gold","Emas LM Batangan Antam",1,"gr",2799000,0,"IDR","2026-06-01",""
"hargaemas-net","gold","Emas LM Batangan Antam",2,"gr",5538000,0,"IDR","2026-06-01",""
"hargaemas-net","gold","Emas LM Batangan Antam",3,"gr",8282000,0,"IDR","2026-06-01",""
"hargaemas-net","gold","Emas LM Batangan Antam",5,"gr",13770000,0,"IDR","2026-06-01",""
"hargaemas-net","gold","Emas LM Batangan Antam",10,"gr",27485000,0,"IDR","2026-06-01",""
"hargaemas-net","gold","Emas LM Batangan Antam",25,"gr",68587000,0,"IDR","2026-06-01",""
"hargaemas-net","gold","Emas LM Batangan Antam",50,"gr",137095000,0,"IDR","2026-06-01",""
"hargaemas-net","gold","Emas LM Batangan Antam",100,"gr",274112000,0,"IDR","2026-06-01",""
"hargaemas-net","gold","Emas LM Batangan Antam",250,"gr",685015000,0,"IDR","2026-06-01",""
"hargaemas-net","gold","Emas LM Batangan Antam",500,"gr",1369820000,0,"IDR","2026-06-01",""
"hargaemas-net","gold","Emas LM Batangan Antam",1000,"gr",2739600000,0,"IDR","2026-06-01",""
"hargaemas-net","gold","Emas LM Batangan Antam",0.5,"gr",1437000,0,"IDR","2026-06-02",""
"hargaemas-net","gold","Emas LM Batangan Antam",1,"gr",2774000,2584000,"IDR","2026-06-02",""
"hargaemas-net","gold","Emas LM Batangan Antam",2,"gr",5488000,0,"IDR","2026-06-02",""
"hargaemas-net","gold","Emas LM Batangan Antam",3,"gr",8207000,0,"IDR","2026-06-02",""
"hargaemas-net","gold","Emas LM Batangan Antam",5,"gr",13645000,0,"IDR","2026-06-02",""
"hargaemas-net","gold","Emas LM Batangan Antam",10,"gr",27235000,0,"IDR","2026-06-02",""
"hargaemas-net","gold","Emas LM Batangan Antam",25,"gr",67962000,0,"IDR","2026-06-02",""
"hargaemas-net","gold","Emas LM Batangan Antam",50,"gr",135845000,0,"IDR","2026-06-02",""
"hargaemas-net","gold","Emas LM Batangan Antam",100,"gr",271612000,0,"IDR","2026-06-02",""
"hargaemas-net","gold","Emas LM Batangan Antam",250,"gr",678765000,0,"IDR","2026-06-02",""
"hargaemas-net","gold","Emas LM Batangan Antam",500,"gr",1357320000,0,"IDR","2026-06-02",""
"hargaemas-net","gold","Emas LM Batangan Antam",1000,"gr",2714600000,0,"IDR","2026-06-02",""
"hargaemas-net","gold","Emas LM Batangan Antam",0.5,"gr",1437000,0,"IDR","2026-06-03",""
"hargaemas-net","gold","Emas LM Batangan Antam",1,"gr",2774000,2584000,"IDR","2026-06-03",""
"hargaemas-net","gold","Emas LM Batangan Antam",2,"gr",5488000,0,"IDR","2026-06-03",""
"hargaemas-net","gold","Emas LM Batangan Antam",3,"gr",8207000,0,"IDR","2026-06-03",""
"hargaemas-net","gold","Emas LM Batangan Antam",5,"gr",13645000,0,"IDR","2026-06-03",""
"hargaemas-net","gold","Emas LM Batangan Antam",10,"gr",27235000,0,"IDR","2026-06-03",""
"hargaemas-net","gold","Emas LM Batangan Antam",25,"gr",67962000,0,"IDR","2026-06-03",""
"hargaemas-net","gold","Emas LM Batangan Antam",50,"gr",135845000,0,"IDR","2026-06-03",""
"hargaemas-net","gold","Emas LM Batangan Antam",100,"gr",271612000,0,"IDR","2026-06-03",""
"hargaemas-net","gold","Emas LM Batangan Antam",250,"gr",678765000,0,"IDR","2026-06-03",""
"hargaemas-net","gold","Emas LM Batangan Antam",500,"gr",1357320000,0,"IDR","2026-06-03",""
"hargaemas-net","gold","Emas LM Batangan Antam",1000,"gr",2714600000,0,"IDR","2026-06-03",""
"hargaemas-net","gold","Emas LM Batangan Antam",0.5,"gr",1429500,0,"IDR","2026-06-04",""
"hargaemas-net","gold","Emas LM Batangan Antam",1,"gr",2759000,2571000,"IDR","2026-06-04",""
"hargaemas-net","gold","Emas LM Batangan Antam",2,"gr",5458000,0,"IDR","2026-06-04",""
"hargaemas-net","gold","Emas LM Batangan Antam",3,"gr",8162000,0,"IDR","2026-06-04",""
"hargaemas-net","gold","Emas LM Batangan Antam",5,"gr",13570000,0,"IDR","2026-06-04",""
"hargaemas-net","gold","Emas LM Batangan Antam",10,"gr",27085000,0,"IDR","2026-06-04",""
"hargaemas-net","gold","Emas LM Batangan Antam",25,"gr",67587000,0,"IDR","2026-06-04",""
"hargaemas-net","gold","Emas LM Batangan Antam",50,"gr",135095000,0,"IDR","2026-06-04",""
"hargaemas-net","gold","Emas LM Batangan Antam",100,"gr",270112000,0,"IDR","2026-06-04",""
"hargaemas-net","gold","Emas LM Batangan Antam",250,"gr",675015000,0,"IDR","2026-06-04",""
"hargaemas-net","gold","Emas LM Batangan Antam",500,"gr",1349820000,0,"IDR","2026-06-04",""
"hargaemas-net","gold","Emas LM Batangan Antam",1000,"gr",2699600000,0,"IDR","2026-06-04",""
"hargaemas-net","gold","Emas LM Batangan Antam",0.5,"gr",1435000,0,"IDR","2026-06-05",""
"hargaemas-net","gold","Emas LM Batangan Antam",1,"gr",2770000,2583000,"IDR","2026-06-05",""
"hargaemas-net","gold","Emas LM Batangan Antam",2,"gr",5480000,0,"IDR","2026-06-05",""
"hargaemas-net","gold","Emas LM Batangan Antam",3,"gr",8195000,0,"IDR","2026-06-05",""
"hargaemas-net","gold","Emas LM Batangan Antam",5,"gr",13625000,0,"IDR","2026-06-05",""
"hargaemas-net","gold","Emas LM Batangan Antam",10,"gr",27195000,0,"IDR","2026-06-05",""
"hargaemas-net","gold","Emas LM Batangan Antam",25,"gr",67862000,0,"IDR","2026-06-05",""
"hargaemas-net","gold","Emas LM Batangan Antam",50,"gr",135645000,0,"IDR","2026-06-05",""
"hargaemas-net","gold","Emas LM Batangan Antam",100,"gr",271212000,0,"IDR","2026-06-05",""
"hargaemas-net","gold","Emas LM Batangan Antam",250,"gr",677765000,0,"IDR","2026-06-05",""
"hargaemas-net","gold","Emas LM Batangan Antam",500,"gr",1355320000,0,"IDR","2026-06-05",""
"hargaemas-net","gold","Emas LM Batangan Antam",1000,"gr",2710600000,0,"IDR","2026-06-05",""
"hargaemas-net","gold","Emas LM Batangan Antam",0.5,"gr",1419000,0,"IDR","2026-06-06",""
"hargaemas-net","gold","Emas LM Batangan Antam",1,"gr",2738000,2531000,"IDR","2026-06-06",""
"hargaemas-net","gold","Emas LM Batangan Antam",2,"gr",5416000,0,"IDR","2026-06-06",""
"hargaemas-net","gold","Emas LM Batangan Antam",3,"gr",8099000,0,"IDR","2026-06-06",""
"hargaemas-net","gold","Emas LM Batangan Antam",5,"gr",13465000,0,"IDR","2026-06-06",""
"hargaemas-net","gold","Emas LM Batangan Antam",10,"gr",26875000,0,"IDR","2026-06-06",""
"hargaemas-net","gold","Emas LM Batangan Antam",25,"gr",67062000,0,"IDR","2026-06-06",""
"hargaemas-net","gold","Emas LM Batangan Antam",50,"gr",134045000,0,"IDR","2026-06-06",""
"hargaemas-net","gold","Emas LM Batangan Antam",100,"gr",268012000,0,"IDR","2026-06-06",""
"hargaemas-net","gold","Emas LM Batangan Antam",250,"gr",669765000,0,"IDR","2026-06-06",""
"hargaemas-net","gold","Emas LM Batangan Antam",500,"gr",1339320000,0,"IDR","2026-06-06",""
"hargaemas-net","gold","Emas LM Batangan Antam",1000,"gr",2678600000,0,"IDR","2026-06-06",""
"hargaemas-net","gold","Emas LM Batangan Antam",0.5,"gr",1419000,0,"IDR","2026-06-07",""
"hargaemas-net","gold","Emas LM Batangan Antam",1,"gr",2738000,2531000,"IDR","2026-06-07",""
"hargaemas-net","gold","Emas LM Batangan Antam",2,"gr",5416000,0,"IDR","2026-06-07",""
"hargaemas-net","gold","Emas LM Batangan Antam",3,"gr",8099000,0,"IDR","2026-06-07",""
"hargaemas-net","gold","Emas LM Batangan Antam",5,"gr",13465000,0,"IDR","2026-06-07",""
"hargaemas-net","gold","Emas LM Batangan Antam",10,"gr",26875000,0,"IDR","2026-06-07",""
"hargaemas-net","gold","Emas LM Batangan Antam",25,"gr",67062000,0,"IDR","2026-06-07",""
"hargaemas-net","gold","Emas LM Batangan Antam",50,"gr",134045000,0,"IDR","2026-06-07",""
"hargaemas-net","gold","Emas LM Batangan Antam",100,"gr",268012000,0,"IDR","2026-06-07",""
"hargaemas-net","gold","Emas LM Batangan Antam",250,"gr",669765000,0,"IDR","2026-06-07",""
"hargaemas-net","gold","Emas LM Batangan Antam",500,"gr",1339320000,0,"IDR","2026-06-07",""
"hargaemas-net","gold","Emas LM Batangan Antam",1000,"gr",2678600000,0,"IDR","2026-06-07",""
"hargaemas-net","gold","Emas LM Batangan Antam",0.5,"gr",1421500,0,"IDR","2026-06-08",""
"hargaemas-net","gold","Emas LM Batangan Antam",1,"gr",2743000,2540000,"IDR","2026-06-08",""
"hargaemas-net","gold","Emas LM Batangan Antam",2,"gr",5426000,0,"IDR","2026-06-08",""
"hargaemas-net","gold","Emas LM Batangan Antam",3,"gr",8114000,0,"IDR","2026-06-08",""
"hargaemas-net","gold","Emas LM Batangan Antam",5,"gr",13490000,0,"IDR","2026-06-08",""
"hargaemas-net","gold","Emas LM Batangan Antam",10,"gr",26925000,0,"IDR","2026-06-08",""
"hargaemas-net","gold","Emas LM Batangan Antam",25,"gr",67187000,0,"IDR","2026-06-08",""
"hargaemas-net","gold","Emas LM Batangan Antam",50,"gr",134295000,0,"IDR","2026-06-08",""
"hargaemas-net","gold","Emas LM Batangan Antam",100,"gr",268512000,0,"IDR","2026-06-08",""
"hargaemas-net","gold","Emas LM Batangan Antam",250,"gr",671015000,0,"IDR","2026-06-08",""
"hargaemas-net","gold","Emas LM Batangan Antam",500,"gr",1341820000,0,"IDR","2026-06-08",""
"hargaemas-net","gold","Emas LM Batangan Antam",1000,"gr",2683600000,0,"IDR","2026-06-08",""
"hargaemas-net","gold","Emas LM Batangan Antam",0.5,"gr",1416500,0,"IDR","2026-06-09",""
"hargaemas-net","gold","Emas LM Batangan Antam",1,"gr",2733000,2527000,"IDR","2026-06-09",""
"hargaemas-net","gold","Emas LM Batangan Antam",2,"gr",5406000,0,"IDR","2026-06-09",""
"hargaemas-net","gold","Emas LM Batangan Antam",3,"gr",8084000,0,"IDR","2026-06-09",""
"hargaemas-net","gold","Emas LM Batangan Antam",5,"gr",13440000,0,"IDR","2026-06-09",""
"hargaemas-net","gold","Emas LM Batangan Antam",10,"gr",26825000,0,"IDR","2026-06-09",""
"hargaemas-net","gold","Emas LM Batangan Antam",25,"gr",66937000,0,"IDR","2026-06-09",""
"hargaemas-net","gold","Emas LM Batangan Antam",50,"gr",133795000,0,"IDR","2026-06-09",""
"hargaemas-net","gold","Emas LM Batangan Antam",100,"gr",267512000,0,"IDR","2026-06-09",""
"hargaemas-net","gold","Emas LM Batangan Antam",250,"gr",668515000,0,"IDR","2026-06-09",""
"hargaemas-net","gold","Emas LM Batangan Antam",500,"gr",1336820000,0,"IDR","2026-06-09",""
"hargaemas-net","gold","Emas LM Batangan Antam",1000,"gr",2673600000,0,"IDR","2026-06-09",""
"hargaemas-net","gold","Emas LM Batangan Antam",0.5,"gr",1406500,0,"IDR","2026-06-10",""
"hargaemas-net","gold","Emas LM Batangan Antam",1,"gr",2713000,2487000,"IDR","2026-06-10",""
"hargaemas-net","gold","Emas LM Batangan Antam",2,"gr",5366000,0,"IDR","2026-06-10",""
"hargaemas-net","gold","Emas LM Batangan Antam",3,"gr",8024000,0,"IDR","2026-06-10",""
"hargaemas-net","gold","Emas LM Batangan Antam",5,"gr",13340000,0,"IDR","2026-06-10",""
"hargaemas-net","gold","Emas LM Batangan Antam",10,"gr",26625000,0,"IDR","2026-06-10",""
"hargaemas-net","gold","Emas LM Batangan Antam",25,"gr",66437000,0,"IDR","2026-06-10",""
"hargaemas-net","gold","Emas LM Batangan Antam",50,"gr",132795000,0,"IDR","2026-06-10",""
"hargaemas-net","gold","Emas LM Batangan Antam",100,"gr",265512000,0,"IDR","2026-06-10",""
"hargaemas-net","gold","Emas LM Batangan Antam",250,"gr",663515000,0,"IDR","2026-06-10",""
"hargaemas-net","gold","Emas LM Batangan Antam",500,"gr",1326820000,0,"IDR","2026-06-10",""
"hargaemas-net","gold","Emas LM Batangan Antam",1000,"gr",2653600000,0,"IDR","2026-06-10",""
"hargaemas-net","gold","Emas LM Batangan Antam",0.5,"gr",1394500,0,"IDR","2026-06-11",""
"hargaemas-net","gold","Emas LM Batangan Antam",1,"gr",2689000,2395000,"IDR","2026-06-11",""
"hargaemas-net","gold","Emas LM Batangan Antam",2,"gr",5318000,0,"IDR","2026-06-11",""
"hargaemas-net","gold","Emas LM Batangan Antam",3,"gr",7952000,0,"IDR","2026-06-11",""
"hargaemas-net","gold","Emas LM Batangan Antam",5,"gr",13220000,0,"IDR","2026-06-11",""
"hargaemas-net","gold","Emas LM Batangan Antam",10,"gr",26385000,0,"IDR","2026-06-11",""
"hargaemas-net","gold","Emas LM Batangan Antam",25,"gr",65837000,0,"IDR","2026-06-11",""
"hargaemas-net","gold","Emas LM Batangan Antam",50,"gr",131595000,0,"IDR","2026-06-11",""
"hargaemas-net","gold","Emas LM Batangan Antam",100,"gr",263112000,0,"IDR","2026-06-11",""
"hargaemas-net","gold","Emas LM Batangan Antam",250,"gr",657515000,0,"IDR","2026-06-11",""
"hargaemas-net","gold","Emas LM Batangan Antam",500,"gr",1314820000,0,"IDR","2026-06-11",""
"hargaemas-net","gold","Emas LM Batangan Antam",1000,"gr",2629600000,0,"IDR","2026-06-11",""
"hargaemas-net","gold","Emas LM Batangan Antam",0.5,"gr",1404500,0,"IDR","2026-06-12",""
"hargaemas-net","gold","Emas LM Batangan Antam",1,"gr",2709000,2450000,"IDR","2026-06-12",""
"hargaemas-net","gold","Emas LM Batangan Antam",2,"gr",5358000,0,"IDR","2026-06-12",""
"hargaemas-net","gold","Emas LM Batangan Antam",3,"gr",8012000,0,"IDR","2026-06-12",""
"hargaemas-net","gold","Emas LM Batangan Antam",5,"gr",13320000,0,"IDR","2026-06-12",""
"hargaemas-net","gold","Emas LM Batangan Antam",10,"gr",26585000,0,"IDR","2026-06-12",""
"hargaemas-net","gold","Emas LM Batangan Antam",25,"gr",66337000,0,"IDR","2026-06-12",""
"hargaemas-net","gold","Emas LM Batangan Antam",50,"gr",132595000,0,"IDR","2026-06-12",""
"hargaemas-net","gold","Emas LM Batangan Antam",100,"gr",265112000,0,"IDR","2026-06-12",""
"hargaemas-net","gold","Emas LM Batangan Antam",250,"gr",662515000,0,"IDR","2026-06-12",""
"hargaemas-net","gold","Emas LM Batangan Antam",500,"gr",1324820000,0,"IDR","2026-06-12",""
"hargaemas-net","gold","Emas LM Batangan Antam",1000,"gr",2649600000,0,"IDR","2026-06-12",""
"hargaemas-net","gold","Emas LM Batangan Antam",0.5,"gr",1405500,0,"IDR","2026-06-13",""
"hargaemas-net","gold","Emas LM Batangan Antam",1,"gr",2711000,2454000,"IDR","2026-06-13",""
"hargaemas-net","gold","Emas LM Batangan Antam",2,"gr",5362000,0,"IDR","2026-06-13",""
"hargaemas-net","gold","Emas LM Batangan Antam",3,"gr",8018000,0,"IDR","2026-06-13",""
"hargaemas-net","gold","Emas LM Batangan Antam",5,"gr",13330000,0,"IDR","2026-06-13",""
"hargaemas-net","gold","Emas LM Batangan Antam",10,"gr",26605000,0,"IDR","2026-06-13",""
"hargaemas-net","gold","Emas LM Batangan Antam",25,"gr",66387000,0,"IDR","2026-06-13",""
"hargaemas-net","gold","Emas LM Batangan Antam",50,"gr",132695000,0,"IDR","2026-06-13",""
"hargaemas-net","gold","Emas LM Batangan Antam",100,"gr",265312000,0,"IDR","2026-06-13",""
"hargaemas-net","gold","Emas LM Batangan Antam",250,"gr",663015000,0,"IDR","2026-06-13",""
"hargaemas-net","gold","Emas LM Batangan Antam",500,"gr",1325820000,0,"IDR","2026-06-13",""
"hargaemas-net","gold","Emas LM Batangan Antam",1000,"gr",2651600000,0,"IDR","2026-06-13",""
"hargaemas-net","gold","Emas LM Batangan Antam",0.5,"gr",1405500,0,"IDR","2026-06-14",""
"hargaemas-net","gold","Emas LM Batangan Antam",1,"gr",2711000,2454000,"IDR","2026-06-14",""
"hargaemas-net","gold","Emas LM Batangan Antam",2,"gr",5362000,0,"IDR","2026-06-14",""
"hargaemas-net","gold","Emas LM Batangan Antam",3,"gr",8018000,0,"IDR","2026-06-14",""
"hargaemas-net","gold","Emas LM Batangan Antam",5,"gr",13330000,0,"IDR","2026-06-14",""
"hargaemas-net","gold","Emas LM Batangan Antam",10,"gr",26605000,0,"IDR","2026-06-14",""
"hargaemas-net","gold","Emas LM Batangan Antam",25,"gr",66387000,0,"IDR","2026-06-14",""
"hargaemas-net","gold","Emas LM Batangan Antam",50,"gr",132695000,0,"IDR","2026-06-14",""
"hargaemas-net","gold","Emas LM Batangan Antam",100,"gr",265312000,0,"IDR","2026-06-14",""
"hargaemas-net","gold","Emas LM Batangan Antam",250,"gr",663015000,0,"IDR","2026-06-14",""
"hargaemas-net","gold","Emas LM Batangan Antam",500,"gr",1325820000,0,"IDR","2026-06-14",""
"hargaemas-net","gold","Emas LM Batangan Antam",1000,"gr",2651600000,0,"IDR","2026-06-14",""
"hargaemas-net","gold","Emas LM Batangan Antam",0.5,"gr",1414500,0,"IDR","2026-06-15",""
"hargaemas-net","gold","Emas LM Batangan Antam",1,"gr",2729000,2500000,"IDR","2026-06-15",""
"hargaemas-net","gold","Emas LM Batangan Antam",2,"gr",5398000,0,"IDR","2026-06-15",""
"hargaemas-net","gold","Emas LM Batangan Antam",3,"gr",8072000,0,"IDR","2026-06-15",""
"hargaemas-net","gold","Emas LM Batangan Antam",5,"gr",13420000,0,"IDR","2026-06-15",""
"hargaemas-net","gold","Emas LM Batangan Antam",10,"gr",26785000,0,"IDR","2026-06-15",""
"hargaemas-net","gold","Emas LM Batangan Antam",25,"gr",66837000,0,"IDR","2026-06-15",""
"hargaemas-net","gold","Emas LM Batangan Antam",50,"gr",133595000,0,"IDR","2026-06-15",""
"hargaemas-net","gold","Emas LM Batangan Antam",100,"gr",267112000,0,"IDR","2026-06-15",""
"hargaemas-net","gold","Emas LM Batangan Antam",250,"gr",667515000,0,"IDR","2026-06-15",""
"hargaemas-net","gold","Emas LM Batangan Antam",500,"gr",1334820000,0,"IDR","2026-06-15",""
"hargaemas-net","gold","Emas LM Batangan Antam",1000,"gr",2669600000,0,"IDR","2026-06-15",""
"hargaemas-net","gold","Emas LM Batangan Antam",0.5,"gr",1414500,0,"IDR","2026-06-16",""
"hargaemas-net","gold","Emas LM Batangan Antam",1,"gr",2729000,2500000,"IDR","2026-06-16",""
"hargaemas-net","gold","Emas LM Batangan Antam",2,"gr",5398000,0,"IDR","2026-06-16",""
"hargaemas-net","gold","Emas LM Batangan Antam",3,"gr",8072000,0,"IDR","2026-06-16",""
"hargaemas-net","gold","Emas LM Batangan Antam",5,"gr",13420000,0,"IDR","2026-06-16",""
"hargaemas-net","gold","Emas LM Batangan Antam",10,"gr",26785000,0,"IDR","2026-06-16",""
"hargaemas-net","gold","Emas LM Batangan Antam",25,"gr",66837000,0,"IDR","2026-06-16",""
"hargaemas-net","gold","Emas LM Batangan Antam",50,"gr",133595000,0,"IDR","2026-06-16",""
"hargaemas-net","gold","Emas LM Batangan Antam",100,"gr",267112000,0,"IDR","2026-06-16",""
"hargaemas-net","gold","Emas LM Batangan Antam",250,"gr",667515000,0,"IDR","2026-06-16",""
"hargaemas-net","gold","Emas LM Batangan Antam",500,"gr",1334820000,0,"IDR","2026-06-16",""
"hargaemas-net","gold","Emas LM Batangan Antam",1000,"gr",2669600000,0,"IDR","2026-06-16",""
"hargaemas-net","gold","Emas LM Batangan Antam",0.5,"gr",1416500,0,"IDR","2026-06-17",""
"hargaemas-net","gold","Emas LM Batangan Antam",1,"gr",2733000,2514000,"IDR","2026-06-17",""
"hargaemas-net","gold","Emas LM Batangan Antam",2,"gr",5406000,0,"IDR","2026-06-17",""
"hargaemas-net","gold","Emas LM Batangan Antam",3,"gr",8084000,0,"IDR","2026-06-17",""
"hargaemas-net","gold","Emas LM Batangan Antam",5,"gr",13440000,0,"IDR","2026-06-17",""
"hargaemas-net","gold","Emas LM Batangan Antam",10,"gr",26825000,0,"IDR","2026-06-17",""
"hargaemas-net","gold","Emas LM Batangan Antam",25,"gr",66937000,0,"IDR","2026-06-17",""
"hargaemas-net","gold","Emas LM Batangan Antam",50,"gr",133795000,0,"IDR","2026-06-17",""
"hargaemas-net","gold","Emas LM Batangan Antam",100,"gr",267512000,0,"IDR","2026-06-17",""
"hargaemas-net","gold","Emas LM Batangan Antam",250,"gr",668515000,0,"IDR","2026-06-17",""
"hargaemas-net","gold","Emas LM Batangan Antam",500,"gr",1336820000,0,"IDR","2026-06-17",""
"hargaemas-net","gold","Emas LM Batangan Antam",1000,"gr",2673600000,0,"IDR","2026-06-17",""
"hargaemas-net","gold","Emas LM Batangan Antam",0.5,"gr",1401500,0,"IDR","2026-06-18",""
"hargaemas-net","gold","Emas LM Batangan Antam",1,"gr",2703000,2475000,"IDR","2026-06-18",""
"hargaemas-net","gold","Emas LM Batangan Antam",2,"gr",5346000,0,"IDR","2026-06-18",""
"hargaemas-net","gold","Emas LM Batangan Antam",3,"gr",7994000,0,"IDR","2026-06-18",""
"hargaemas-net","gold","Emas LM Batangan Antam",5,"gr",13290000,0,"IDR","2026-06-18",""
"hargaemas-net","gold","Emas LM Batangan Antam",10,"gr",26525000,0,"IDR","2026-06-18",""
"hargaemas-net","gold","Emas LM Batangan Antam",25,"gr",66187000,0,"IDR","2026-06-18",""
"hargaemas-net","gold","Emas LM Batangan Antam",50,"gr",132295000,0,"IDR","2026-06-18",""
"hargaemas-net","gold","Emas LM Batangan Antam",100,"gr",264512000,0,"IDR","2026-06-18",""
"hargaemas-net","gold","Emas LM Batangan Antam",250,"gr",661015000,0,"IDR","2026-06-18",""
"hargaemas-net","gold","Emas LM Batangan Antam",500,"gr",1321820000,0,"IDR","2026-06-18",""
"hargaemas-net","gold","Emas LM Batangan Antam",1000,"gr",2643600000,0,"IDR","2026-06-18",""
"hargaemas-net","gold","Emas LM Batangan Antam",0.5,"gr",1386500,0,"IDR","2026-06-19",""
"hargaemas-net","gold","Emas LM Batangan Antam",1,"gr",2673000,2408000,"IDR","2026-06-19",""
"hargaemas-net","gold","Emas LM Batangan Antam",2,"gr",5286000,0,"IDR","2026-06-19",""
"hargaemas-net","gold","Emas LM Batangan Antam",3,"gr",7904000,0,"IDR","2026-06-19",""
"hargaemas-net","gold","Emas LM Batangan Antam",5,"gr",13140000,0,"IDR","2026-06-19",""
"hargaemas-net","gold","Emas LM Batangan Antam",10,"gr",26225000,0,"IDR","2026-06-19",""
"hargaemas-net","gold","Emas LM Batangan Antam",25,"gr",65437000,0,"IDR","2026-06-19",""
"hargaemas-net","gold","Emas LM Batangan Antam",50,"gr",130795000,0,"IDR","2026-06-19",""
"hargaemas-net","gold","Emas LM Batangan Antam",100,"gr",261512000,0,"IDR","2026-06-19",""
"hargaemas-net","gold","Emas LM Batangan Antam",250,"gr",653515000,0,"IDR","2026-06-19",""
"hargaemas-net","gold","Emas LM Batangan Antam",500,"gr",1306820000,0,"IDR","2026-06-19",""
"hargaemas-net","gold","Emas LM Batangan Antam",1000,"gr",2613600000,0,"IDR","2026-06-19",""
"hargaemas-net","gold","Emas LM Batangan Antam",0.5,"gr",1384000,0,"IDR","2026-06-20",""
"hargaemas-net","gold","Emas LM Batangan Antam",1,"gr",2668000,2401000,"IDR","2026-06-20",""
"hargaemas-net","gold","Emas LM Batangan Antam",2,"gr",5276000,0,"IDR","2026-06-20",""
"hargaemas-net","gold","Emas LM Batangan Antam",3,"gr",7889000,0,"IDR","2026-06-20",""
"hargaemas-net","gold","Emas LM Batangan Antam",5,"gr",13115000,0,"IDR","2026-06-20",""
"hargaemas-net","gold","Emas LM Batangan Antam",10,"gr",26175000,0,"IDR","2026-06-20",""
"hargaemas-net","gold","Emas LM Batangan Antam",25,"gr",65312000,0,"IDR","2026-06-20",""
"hargaemas-net","gold","Emas LM Batangan Antam",50,"gr",130545000,0,"IDR","2026-06-20",""
"hargaemas-net","gold","Emas LM Batangan Antam",100,"gr",261012000,0,"IDR","2026-06-20",""
"hargaemas-net","gold","Emas LM Batangan Antam",250,"gr",652265000,0,"IDR","2026-06-20",""
"hargaemas-net","gold","Emas LM Batangan Antam",500,"gr",1304320000,0,"IDR","2026-06-20",""
"hargaemas-net","gold","Emas LM Batangan Antam",1000,"gr",2608600000,0,"IDR","2026-06-20",""
"hargaemas-net","gold","Emas LM Batangan Antam",0.5,"gr",1384000,0,"IDR","2026-06-21",""
"hargaemas-net","gold","Emas LM Batangan Antam",1,"gr",2668000,2401000,"IDR","2026-06-21",""
"hargaemas-net","gold","Emas LM Batangan Antam",2,"gr",5276000,0,"IDR","2026-06-21",""
"hargaemas-net","gold","Emas LM Batangan Antam",3,"gr",7889000,0,"IDR","2026-06-21",""
"hargaemas-net","gold","Emas LM Batangan Antam",5,"gr",13115000,0,"IDR","2026-06-21",""
"hargaemas-net","gold","Emas LM Batangan Antam",10,"gr",26175000,0,"IDR","2026-06-21",""
"hargaemas-net","gold","Emas LM Batangan Antam",25,"gr",65312000,0,"IDR","2026-06-21",""
"hargaemas-net","gold","Emas LM Batangan Antam",50,"gr",130545000,0,"IDR","2026-06-21",""
"hargaemas-net","gold","Emas LM Batangan Antam",100,"gr",261012000,0,"IDR","2026-06-21",""
"hargaemas-net","gold","Emas LM Batangan Antam",250,"gr",652265000,0,"IDR","2026-06-21",""
"hargaemas-net","gold","Emas LM Batangan Antam",500,"gr",1304320000,0,"IDR","2026-06-21",""
"hargaemas-net","gold","Emas LM Batangan Antam",1000,"gr",2608600000,0,"IDR","2026-06-21",""
"hargaemas-net","gold","Emas LM Batangan Antam",0.5,"gr",1384000,0,"IDR","2026-06-22",""
"hargaemas-net","gold","Emas LM Batangan Antam",1,"gr",2668000,2401000,"IDR","2026-06-22",""
"hargaemas-net","gold","Emas LM Batangan Antam",2,"gr",5276000,0,"IDR","2026-06-22",""
"hargaemas-net","gold","Emas LM Batangan Antam",3,"gr",7889000,0,"IDR","2026-06-22",""
"hargaemas-net","gold","Emas LM Batangan Antam",5,"gr",13115000,0,"IDR","2026-06-22",""
"hargaemas-net","gold","Emas LM Batangan Antam",10,"gr",26175000,0,"IDR","2026-06-22",""
"hargaemas-net","gold","Emas LM Batangan Antam",25,"gr",65312000,0,"IDR","2026-06-22",""
"hargaemas-net","gold","Emas LM Batangan Antam",50,"gr",130545000,0,"IDR","2026-06-22",""
"hargaemas-net","gold","Emas LM Batangan Antam",100,"gr",261012000,0,"IDR","2026-06-22",""
"hargaemas-net","gold","Emas LM Batangan Antam",250,"gr",652265000,0,"IDR","2026-06-22",""
"hargaemas-net","gold","Emas LM Batangan Antam",500,"gr",1304320000,0,"IDR","2026-06-22",""
"hargaemas-net","gold","Emas LM Batangan Antam",1000,"gr",2608600000,0,"IDR","2026-06-22",""
"hargaemas-net","gold","Emas LM Batangan Antam",0.5,"gr",1386500,0,"IDR","2026-06-23",""
"hargaemas-net","gold","Emas LM Batangan Antam",1,"gr",2673000,2408000,"IDR","2026-06-23",""
"hargaemas-net","gold","Emas LM Batangan Antam",2,"gr",5286000,0,"IDR","2026-06-23",""
"hargaemas-net","gold","Emas LM Batangan Antam",3,"gr",7904000,0,"IDR","2026-06-23",""
"hargaemas-net","gold","Emas LM Batangan Antam",5,"gr",13140000,0,"IDR","2026-06-23",""
"hargaemas-net","gold","Emas LM Batangan Antam",10,"gr",26225000,0,"IDR","2026-06-23",""
"hargaemas-net","gold","Emas LM Batangan Antam",25,"gr",65437000,0,"IDR","2026-06-23",""
"hargaemas-net","gold","Emas LM Batangan Antam",50,"gr",130795000,0,"IDR","2026-06-23",""
"hargaemas-net","gold","Emas LM Batangan Antam",100,"gr",261512000,0,"IDR","2026-06-23",""
"hargaemas-net","gold","Emas LM Batangan Antam",250,"gr",653515000,0,"IDR","2026-06-23",""
"hargaemas-net","gold","Emas LM Batangan Antam",500,"gr",1306820000,0,"IDR","2026-06-23",""
"hargaemas-net","gold","Emas LM Batangan Antam",1000,"gr",2613600000,0,"IDR","2026-06-23",""
"hargaemas-net","gold","Emas LM Batangan Antam",0.5,"gr",1377500,0,"IDR","2026-06-24",""
"hargaemas-net","gold","Emas LM Batangan Antam",1,"gr",2655000,2372000,"IDR","2026-06-24",""
"hargaemas-net","gold","Emas LM Batangan Antam",2,"gr",5250000,0,"IDR","2026-06-24",""
"hargaemas-net","gold","Emas LM Batangan Antam",3,"gr",7850000,0,"IDR","2026-06-24",""
"hargaemas-net","gold","Emas LM Batangan Antam",5,"gr",13050000,0,"IDR","2026-06-24",""
"hargaemas-net","gold","Emas LM Batangan Antam",10,"gr",26045000,0,"IDR","2026-06-24",""
"hargaemas-net","gold","Emas LM Batangan Antam",25,"gr",64987000,0,"IDR","2026-06-24",""
"hargaemas-net","gold","Emas LM Batangan Antam",50,"gr",129895000,0,"IDR","2026-06-24",""
"hargaemas-net","gold","Emas LM Batangan Antam",100,"gr",259712000,0,"IDR","2026-06-24",""
"hargaemas-net","gold","Emas LM Batangan Antam",250,"gr",649015000,0,"IDR","2026-06-24",""
"hargaemas-net","gold","Emas LM Batangan Antam",500,"gr",1297820000,0,"IDR","2026-06-24",""
"hargaemas-net","gold","Emas LM Batangan Antam",1000,"gr",2595600000,0,"IDR","2026-06-24",""
"hargaemas-net","gold","Emas LM Batangan Antam",0.5,"gr",1377500,0,"IDR","2026-06-25",""
"hargaemas-net","gold","Emas LM Batangan Antam",1,"gr",2655000,2320000,"IDR","2026-06-25",""
"hargaemas-net","gold","Emas LM Batangan Antam",2,"gr",5250000,0,"IDR","2026-06-25",""
"hargaemas-net","gold","Emas LM Batangan Antam",3,"gr",7850000,0,"IDR","2026-06-25",""
"hargaemas-net","gold","Emas LM Batangan Antam",5,"gr",13050000,0,"IDR","2026-06-25",""
"hargaemas-net","gold","Emas LM Batangan Antam",10,"gr",26045000,0,"IDR","2026-06-25",""
"hargaemas-net","gold","Emas LM Batangan Antam",25,"gr",64987000,0,"IDR","2026-06-25",""
"hargaemas-net","gold","Emas LM Batangan Antam",50,"gr",129895000,0,"IDR","2026-06-25",""
"hargaemas-net","gold","Emas LM Batangan Antam",100,"gr",259712000,0,"IDR","2026-06-25",""
"hargaemas-net","gold","Emas LM Batangan Antam",250,"gr",649015000,0,"IDR","2026-06-25",""
"hargaemas-net","gold","Emas LM Batangan Antam",500,"gr",1297820000,0,"IDR","2026-06-25",""
"hargaemas-net","gold","Emas LM Batangan Antam",1000,"gr",2595600000,0,"IDR","2026-06-25",""
"hargaemas-net","gold","Emas LM Batangan Antam",0.5,"gr",1377500,0,"IDR","2026-06-26",""
"hargaemas-net","gold","Emas LM Batangan Antam",1,"gr",2655000,2340000,"IDR","2026-06-26",""
"hargaemas-net","gold","Emas LM Batangan Antam",2,"gr",5250000,0,"IDR","2026-06-26",""
"hargaemas-net","gold","Emas LM Batangan Antam",3,"gr",7850000,0,"IDR","2026-06-26",""
"hargaemas-net","gold","Emas LM Batangan Antam",5,"gr",13050000,0,"IDR","2026-06-26",""
"hargaemas-net","gold","Emas LM Batangan Antam",10,"gr",26045000,0,"IDR","2026-06-26",""
"hargaemas-net","gold","Emas LM Batangan Antam",25,"gr",64987000,0,"IDR","2026-06-26",""
"hargaemas-net","gold","Emas LM Batangan Antam",50,"gr",129895000,0,"IDR","2026-06-26",""
"hargaemas-net","gold","Emas LM Batangan Antam",100,"gr",259712000,0,"IDR","2026-06-26",""
"hargaemas-net","gold","Emas LM Batangan Antam",250,"gr",649015000,0,"IDR","2026-06-26",""
"hargaemas-net","gold","Emas LM Batangan Antam",500,"gr",1297820000,0,"IDR","2026-06-26",""
"hargaemas-net","gold","Emas LM Batangan Antam",1000,"gr",2595600000,0,"IDR","2026-06-26",""
"hargaemas-net","gold","Emas LM Batangan Antam",0.5,"gr",1380000,0,"IDR","2026-06-27",""
"hargaemas-net","gold","Emas LM Batangan Antam",1,"gr",2660000,2378000,"IDR","2026-06-27",""
"hargaemas-net","gold","Emas LM Batangan Antam",2,"gr",5260000,0,"IDR","2026-06-27",""
"hargaemas-net","gold","Emas LM Batangan Antam",3,"gr",7865000,0,"IDR","2026-06-27",""
"hargaemas-net","gold","Emas LM Batangan Antam",5,"gr",13075000,0,"IDR","2026-06-27",""
"hargaemas-net","gold","Emas LM Batangan Antam",10,"gr",26095000,0,"IDR","2026-06-27",""
"hargaemas-net","gold","Emas LM Batangan Antam",25,"gr",65112000,0,"IDR","2026-06-27",""
"hargaemas-net","gold","Emas LM Batangan Antam",50,"gr",130145000,0,"IDR","2026-06-27",""
"hargaemas-net","gold","Emas LM Batangan Antam",100,"gr",260212000,0,"IDR","2026-06-27",""
"hargaemas-net","gold","Emas LM Batangan Antam",250,"gr",650265000,0,"IDR","2026-06-27",""
"hargaemas-net","gold","Emas LM Batangan Antam",500,"gr",1300320000,0,"IDR","2026-06-27",""
"hargaemas-net","gold","Emas LM Batangan Antam",1000,"gr",2600600000,0,"IDR","2026-06-27",""
"hargaemas-net","gold","Emas LM Batangan Antam",0.5,"gr",1380000,0,"IDR","2026-06-28",""
"hargaemas-net","gold","Emas LM Batangan Antam",1,"gr",2660000,2378000,"IDR","2026-06-28",""
"hargaemas-net","gold","Emas LM Batangan Antam",2,"gr",5260000,0,"IDR","2026-06-28",""
"hargaemas-net","gold","Emas LM Batangan Antam",3,"gr",7865000,0,"IDR","2026-06-28",""
"hargaemas-net","gold","Emas LM Batangan Antam",5,"gr",13075000,0,"IDR","2026-06-28",""
"hargaemas-net","gold","Emas LM Batangan Antam",10,"gr",26095000,0,"IDR","2026-06-28",""
"hargaemas-net","gold","Emas LM Batangan Antam",25,"gr",65112000,0,"IDR","2026-06-28",""
"hargaemas-net","gold","Emas LM Batangan Antam",50,"gr",130145000,0,"IDR","2026-06-28",""
"hargaemas-net","gold","Emas LM Batangan Antam",100,"gr",260212000,0,"IDR","2026-06-28",""
"hargaemas-net","gold","Emas LM Batangan Antam",250,"gr",650265000,0,"IDR","2026-06-28",""
"hargaemas-net","gold","Emas LM Batangan Antam",500,"gr",1300320000,0,"IDR","2026-06-28",""
"hargaemas-net","gold","Emas LM Batangan Antam",1000,"gr",2600600000,0,"IDR","2026-06-28",""
"hargaemas-net","gold","Emas LM Batangan Antam",0.5,"gr",1372500,0,"IDR","2026-06-29",""
"hargaemas-net","gold","Emas LM Batangan Antam",1,"gr",2645000,2360000,"IDR","2026-06-29",""
"hargaemas-net","gold","Emas LM Batangan Antam",2,"gr",5230000,0,"IDR","2026-06-29",""
"hargaemas-net","gold","Emas LM Batangan Antam",3,"gr",7820000,0,"IDR","2026-06-29",""
"hargaemas-net","gold","Emas LM Batangan Antam",5,"gr",13000000,0,"IDR","2026-06-29",""
"hargaemas-net","gold","Emas LM Batangan Antam",10,"gr",25945000,0,"IDR","2026-06-29",""
"hargaemas-net","gold","Emas LM Batangan Antam",25,"gr",64737000,0,"IDR","2026-06-29",""
"hargaemas-net","gold","Emas LM Batangan Antam",50,"gr",129395000,0,"IDR","2026-06-29",""
"hargaemas-net","gold","Emas LM Batangan Antam",100,"gr",258712000,0,"IDR","2026-06-29",""
"hargaemas-net","gold","Emas LM Batangan Antam",250,"gr",646515000,0,"IDR","2026-06-29",""
"hargaemas-net","gold","Emas LM Batangan Antam",500,"gr",1292820000,0,"IDR","2026-06-29",""
"hargaemas-net","gold","Emas LM Batangan Antam",1000,"gr",2585600000,0,"IDR","2026-06-29",""
"hargaemas-net","gold","Emas LM Batangan Antam",0.5,"gr",1365000,0,"IDR","2026-06-30",""
"hargaemas-net","gold","Emas LM Batangan Antam",1,"gr",2630000,2335000,"IDR","2026-06-30",""
"hargaemas-net","gold","Emas LM Batangan Antam",2,"gr",5200000,0,"IDR","2026-06-30",""
"hargaemas-net","gold","Emas LM Batangan Antam",3,"gr",7775000,0,"IDR","2026-06-30",""
"hargaemas-net","gold","Emas LM Batangan Antam",5,"gr",12925000,0,"IDR","2026-06-30",""
"hargaemas-net","gold","Emas LM Batangan Antam",10,"gr",25795000,0,"IDR","2026-06-30",""
"hargaemas-net","gold","Emas LM Batangan Antam",25,"gr",64362000,0,"IDR","2026-06-30",""
"hargaemas-net","gold","Emas LM Batangan Antam",50,"gr",128645000,0,"IDR","2026-06-30",""
"hargaemas-net","gold","Emas LM Batangan Antam",100,"gr",257212000,0,"IDR","2026-06-30",""
"hargaemas-net","gold","Emas LM Batangan Antam",250,"gr",642765000,0,"IDR","2026-06-30",""
"hargaemas-net","gold","Emas LM Batangan Antam",500,"gr",1285320000,0,"IDR","2026-06-30",""
"hargaemas-net","gold","Emas LM Batangan Antam",1000,"gr",2570600000,0,"IDR","2026-06-30",""
"hargaemas-net","gold","Emas LM Batangan Antam",0.5,"gr",1365000,0,"IDR","2026-07-01",""
"hargaemas-net","gold","Emas LM Batangan Antam",1,"gr",2630000,2320000,"IDR","2026-07-01",""
"hargaemas-net","gold","Emas LM Batangan Antam",2,"gr",5200000,0,"IDR","2026-07-01",""
"hargaemas-net","gold","Emas LM Batangan Antam",3,"gr",7775000,0,"IDR","2026-07-01",""
"hargaemas-net","gold","Emas LM Batangan Antam",5,"gr",12925000,0,"IDR","2026-07-01",""
"hargaemas-net","gold","Emas LM Batangan Antam",10,"gr",25795000,0,"IDR","2026-07-01",""
"hargaemas-net","gold","Emas LM Batangan Antam",25,"gr",64362000,0,"IDR","2026-07-01",""
"hargaemas-net","gold","Emas LM Batangan Antam",50,"gr",128645000,0,"IDR","2026-07-01",""
"hargaemas-net","gold","Emas LM Batangan Antam",100,"gr",257212000,0,"IDR","2026-07-01",""
"hargaemas-net","gold","Emas LM Batangan Antam",250,"gr",642765000,0,"IDR","2026-07-01",""
"hargaemas-net","gold","Emas LM Batangan Antam",500,"gr",1285320000,0,"IDR","2026-07-01",""
"hargaemas-net","gold","Emas LM Batangan Antam",1000,"gr",2570600000,0,"IDR","2026-07-01",""
"hargaemas-net","gold","Emas LM Batangan Antam",0.5,"gr",1370000,0,"IDR","2026-07-02",""
"hargaemas-net","gold","Emas LM Batangan Antam",1,"gr",2640000,2345000,"IDR","2026-07-02",""
"hargaemas-net","gold","Emas LM Batangan Antam",2,"gr",5220000,0,"IDR","2026-07-02",""
"hargaemas-net","gold","Emas LM Batangan Antam",3,"gr",7805000,0,"IDR","2026-07-02",""
"hargaemas-net","gold","Emas LM Batangan Antam",5,"gr",12975000,0,"IDR","2026-07-02",""
"hargaemas-net","gold","Emas LM Batangan Antam",10,"gr",25895000,0,"IDR","2026-07-02",""
"hargaemas-net","gold","Emas LM Batangan Antam",25,"gr",64612000,0,"IDR","2026-07-02",""
"hargaemas-net","gold","Emas LM Batangan Antam",50,"gr",129145000,0,"IDR","2026-07-02",""
"hargaemas-net","gold","Emas LM Batangan Antam",100,"gr",258212000,0,"IDR","2026-07-02",""
"hargaemas-net","gold","Emas LM Batangan Antam",250,"gr",645265000,0,"IDR","2026-07-02",""
"hargaemas-net","gold","Emas LM Batangan Antam",500,"gr",1290320000,0,"IDR","2026-07-02",""
"hargaemas-net","gold","Emas LM Batangan Antam",1000,"gr",2580600000,0,"IDR","2026-07-02",""
"hargaemas-net","gold","Emas LM Batangan Antam",0.5,"gr",1375500,0,"IDR","2026-07-03",""
"hargaemas-net","gold","Emas LM Batangan Antam",1,"gr",2651000,2400000,"IDR","2026-07-03",""
"hargaemas-net","gold","Emas LM Batangan Antam",2,"gr",5242000,0,"IDR","2026-07-03",""
"hargaemas-net","gold","Emas LM Batangan Antam",3,"gr",7838000,0,"IDR","2026-07-03",""
"hargaemas-net","gold","Emas LM Batangan Antam",5,"gr",13030000,0,"IDR","2026-07-03",""
"hargaemas-net","gold","Emas LM Batangan Antam",10,"gr",26005000,0,"IDR","2026-07-03",""
"hargaemas-net","gold","Emas LM Batangan Antam",25,"gr",64887000,0,"IDR","2026-07-03",""
"hargaemas-net","gold","Emas LM Batangan Antam",50,"gr",129695000,0,"IDR","2026-07-03",""
"hargaemas-net","gold","Emas LM Batangan Antam",100,"gr",259312000,0,"IDR","2026-07-03",""
"hargaemas-net","gold","Emas LM Batangan Antam",250,"gr",648015000,0,"IDR","2026-07-03",""
"hargaemas-net","gold","Emas LM Batangan Antam",500,"gr",1295820000,0,"IDR","2026-07-03",""
"hargaemas-net","gold","Emas LM Batangan Antam",1000,"gr",2591600000,0,"IDR","2026-07-03",""
"hargaemas-net","gold","Emas LM Batangan Antam",0.5,"gr",1385000,0,"IDR","2026-07-04",""
"hargaemas-net","gold","Emas LM Batangan Antam",1,"gr",2670000,2429000,"IDR","2026-07-04",""
"hargaemas-net","gold","Emas LM Batangan Antam",2,"gr",5280000,0,"IDR","2026-07-04",""
"hargaemas-net","gold","Emas LM Batangan Antam",3,"gr",7895000,0,"IDR","2026-07-04",""
"hargaemas-net","gold","Emas LM Batangan Antam",5,"gr",13125000,0,"IDR","2026-07-04",""
"hargaemas-net","gold","Emas LM Batangan Antam",10,"gr",26195000,0,"IDR","2026-07-04",""
"hargaemas-net","gold","Emas LM Batangan Antam",25,"gr",65362000,0,"IDR","2026-07-04",""
"hargaemas-net","gold","Emas LM Batangan Antam",50,"gr",130645000,0,"IDR","2026-07-04",""
"hargaemas-net","gold","Emas LM Batangan Antam",100,"gr",261212000,0,"IDR","2026-07-04",""
"hargaemas-net","gold","Emas LM Batangan Antam",250,"gr",652765000,0,"IDR","2026-07-04",""
"hargaemas-net","gold","Emas LM Batangan Antam",500,"gr",1305320000,0,"IDR","2026-07-04",""
"hargaemas-net","gold","Emas LM Batangan Antam",1000,"gr",2610600000,0,"IDR","2026-07-04",""
"hargaemas-net","gold","Emas LM Batangan Antam",0.5,"gr",1385000,0,"IDR","2026-07-05",""
"hargaemas-net","gold","Emas LM Batangan Antam",1,"gr",2670000,2429000,"IDR","2026-07-05",""
"hargaemas-net","gold","Emas LM Batangan Antam",2,"gr",5280000,0,"IDR","2026-07-05",""
"hargaemas-net","gold","Emas LM Batangan Antam",3,"gr",7895000,0,"IDR","2026-07-05",""
"hargaemas-net","gold","Emas LM Batangan Antam",5,"gr",13125000,0,"IDR","2026-07-05",""
"hargaemas-net","gold","Emas LM Batangan Antam",10,"gr",26195000,0,"IDR","2026-07-05",""
"hargaemas-net","gold","Emas LM Batangan Antam",25,"gr",65362000,0,"IDR","2026-07-05",""
"hargaemas-net","gold","Emas LM Batangan Antam",50,"gr",130645000,0,"IDR","2026-07-05",""
"hargaemas-net","gold","Emas LM Batangan Antam",100,"gr",261212000,0,"IDR","2026-07-05",""
"hargaemas-net","gold","Emas LM Batangan Antam",250,"gr",652765000,0,"IDR","2026-07-05",""
"hargaemas-net","gold","Emas LM Batangan Antam",500,"gr",1305320000,0,"IDR","2026-07-05",""
"hargaemas-net","gold","Emas LM Batangan Antam",1000,"gr",2610600000,0,"IDR","2026-07-05",""
"hargaemas-net","gold","Emas LM Batangan Antam",0.5,"gr",1385000,0,"IDR","2026-07-06",""
"hargaemas-net","gold","Emas LM Batangan Antam",1,"gr",2670000,2429000,"IDR","2026-07-06",""
"hargaemas-net","gold","Emas LM Batangan Antam",2,"gr",5280000,0,"IDR","2026-07-06",""
"hargaemas-net","gold","Emas LM Batangan Antam",3,"gr",7895000,0,"IDR","2026-07-06",""
"hargaemas-net","gold","Emas LM Batangan Antam",5,"gr",13125000,0,"IDR","2026-07-06",""
"hargaemas-net","gold","Emas LM Batangan Antam",10,"gr",26195000,0,"IDR","2026-07-06",""
"hargaemas-net","gold","Emas LM Batangan Antam",25,"gr",65362000,0,"IDR","2026-07-06",""
"hargaemas-net","gold","Emas LM Batangan Antam",50,"gr",130645000,0,"IDR","2026-07-06",""
"hargaemas-net","gold","Emas LM Batangan Antam",100,"gr",261212000,0,"IDR","2026-07-06",""
"hargaemas-net","gold","Emas LM Batangan Antam",250,"gr",652765000,0,"IDR","2026-07-06",""
"hargaemas-net","gold","Emas LM Batangan Antam",500,"gr",1305320000,0,"IDR","2026-07-06",""
"hargaemas-net","gold","Emas LM Batangan Antam",1000,"gr",2610600000,0,"IDR","2026-07-06",""
"hargaemas-net","gold","Emas LM Batangan Antam",0.5,"gr",1385000,0,"IDR","2026-07-07",""
"hargaemas-net","gold","Emas LM Batangan Antam",1,"gr",2670000,2429000,"IDR","2026-07-07",""
"hargaemas-net","gold","Emas LM Batangan Antam",2,"gr",5280000,0,"IDR","2026-07-07",""
"hargaemas-net","gold","Emas LM Batangan Antam",3,"gr",7895000,0,"IDR","2026-07-07",""
"hargaemas-net","gold","Emas LM Batangan Antam",5,"gr",13125000,0,"IDR","2026-07-07",""
"hargaemas-net","gold","Emas LM Batangan Antam",10,"gr",26195000,0,"IDR","2026-07-07",""
"hargaemas-net","gold","Emas LM Batangan Antam",25,"gr",65362000,0,"IDR","2026-07-07",""
"hargaemas-net","gold","Emas LM Batangan Antam",50,"gr",130645000,0,"IDR","2026-07-07",""
"hargaemas-net","gold","Emas LM Batangan Antam",100,"gr",261212000,0,"IDR","2026-07-07",""
"hargaemas-net","gold","Emas LM Batangan Antam",250,"gr",652765000,0,"IDR","2026-07-07",""
"hargaemas-net","gold","Emas LM Batangan Antam",500,"gr",1305320000,0,"IDR","2026-07-07",""
"hargaemas-net","gold","Emas LM Batangan Antam",1000,"gr",2610600000,0,"IDR","2026-07-07",""
"hargaemas-net","gold","Emas LM Batangan Antam",0.5,"gr",1370500,0,"IDR","2026-07-08",""
"hargaemas-net","gold","Emas LM Batangan Antam",1,"gr",2641000,2393000,"IDR","2026-07-08",""
"hargaemas-net","gold","Emas LM Batangan Antam",2,"gr",5222000,0,"IDR","2026-07-08",""
"hargaemas-net","gold","Emas LM Batangan Antam",3,"gr",7808000,0,"IDR","2026-07-08",""
"hargaemas-net","gold","Emas LM Batangan Antam",5,"gr",12980000,0,"IDR","2026-07-08",""
"hargaemas-net","gold","Emas LM Batangan Antam",10,"gr",25905000,0,"IDR","2026-07-08",""
"hargaemas-net","gold","Emas LM Batangan Antam",25,"gr",64637000,0,"IDR","2026-07-08",""
"hargaemas-net","gold","Emas LM Batangan Antam",50,"gr",129195000,0,"IDR","2026-07-08",""
"hargaemas-net","gold","Emas LM Batangan Antam",100,"gr",258312000,0,"IDR","2026-07-08",""
"hargaemas-net","gold","Emas LM Batangan Antam",250,"gr",645515000,0,"IDR","2026-07-08",""
"hargaemas-net","gold","Emas LM Batangan Antam",500,"gr",1290820000,0,"IDR","2026-07-08",""
"hargaemas-net","gold","Emas LM Batangan Antam",1000,"gr",2581600000,0,"IDR","2026-07-08",""
"hargaemas-net","gold","Emas LM Batangan Antam",0.5,"gr",1370500,0,"IDR","2026-07-09",""
"hargaemas-net","gold","Emas LM Batangan Antam",1,"gr",2641000,2393000,"IDR","2026-07-09",""
"hargaemas-net","gold","Emas LM Batangan Antam",2,"gr",5222000,0,"IDR","2026-07-09",""
"hargaemas-net","gold","Emas LM Batangan Antam",3,"gr",7808000,0,"IDR","2026-07-09",""
"hargaemas-net","gold","Emas LM Batangan Antam",5,"gr",12980000,0,"IDR","2026-07-09",""
"hargaemas-net","gold","Emas LM Batangan Antam",10,"gr",25905000,0,"IDR","2026-07-09",""
"hargaemas-net","gold","Emas LM Batangan Antam",25,"gr",64637000,0,"IDR","2026-07-09",""
"hargaemas-net","gold","Emas LM Batangan Antam",50,"gr",129195000,0,"IDR","2026-07-09",""
"hargaemas-net","gold","Emas LM Batangan Antam",100,"gr",258312000,0,"IDR","2026-07-09",""
"hargaemas-net","gold","Emas LM Batangan Antam",250,"gr",645515000,0,"IDR","2026-07-09",""
"hargaemas-net","gold","Emas LM Batangan Antam",500,"gr",1290820000,0,"IDR","2026-07-09",""
"hargaemas-net","gold","Emas LM Batangan Antam",1000,"gr",2581600000,0,"IDR","2026-07-09",""
"hargaemas-net","gold","Emas LM Batangan Antam",0.5,"gr",1375000,0,"IDR","2026-07-10",""
"hargaemas-net","gold","Emas LM Batangan Antam",1,"gr",2650000,2405000,"IDR","2026-07-10",""
"hargaemas-net","gold","Emas LM Batangan Antam",2,"gr",5240000,0,"IDR","2026-07-10",""
"hargaemas-net","gold","Emas LM Batangan Antam",3,"gr",7835000,0,"IDR","2026-07-10",""
"hargaemas-net","gold","Emas LM Batangan Antam",5,"gr",13025000,0,"IDR","2026-07-10",""
"hargaemas-net","gold","Emas LM Batangan Antam",10,"gr",25995000,0,"IDR","2026-07-10",""
"hargaemas-net","gold","Emas LM Batangan Antam",25,"gr",64862000,0,"IDR","2026-07-10",""
"hargaemas-net","gold","Emas LM Batangan Antam",50,"gr",129645000,0,"IDR","2026-07-10",""
"hargaemas-net","gold","Emas LM Batangan Antam",100,"gr",259212000,0,"IDR","2026-07-10",""
"hargaemas-net","gold","Emas LM Batangan Antam",250,"gr",647765000,0,"IDR","2026-07-10",""
"hargaemas-net","gold","Emas LM Batangan Antam",500,"gr",1295320000,0,"IDR","2026-07-10",""
"hargaemas-net","gold","Emas LM Batangan Antam",1000,"gr",2590600000,0,"IDR","2026-07-10",""
"hargaemas-net","gold","Emas LM Batangan Antam",0.5,"gr",1377500,0,"IDR","2026-07-11",""
"hargaemas-net","gold","Emas LM Batangan Antam",1,"gr",2655000,2415000,"IDR","2026-07-11",""
"hargaemas-net","gold","Emas LM Batangan Antam",2,"gr",5250000,0,"IDR","2026-07-11",""
"hargaemas-net","gold","Emas LM Batangan Antam",3,"gr",7850000,0,"IDR","2026-07-11",""
"hargaemas-net","gold","Emas LM Batangan Antam",5,"gr",13050000,0,"IDR","2026-07-11",""
"hargaemas-net","gold","Emas LM Batangan Antam",10,"gr",26045000,0,"IDR","2026-07-11",""
"hargaemas-net","gold","Emas LM Batangan Antam",25,"gr",64987000,0,"IDR","2026-07-11",""
"hargaemas-net","gold","Emas LM Batangan Antam",50,"gr",129895000,0,"IDR","2026-07-11",""
"hargaemas-net","gold","Emas LM Batangan Antam",100,"gr",259712000,0,"IDR","2026-07-11",""
"hargaemas-net","gold","Emas LM Batangan Antam",250,"gr",649015000,0,"IDR","2026-07-11",""
"hargaemas-net","gold","Emas LM Batangan Antam",500,"gr",1297820000,0,"IDR","2026-07-11",""
"hargaemas-net","gold","Emas LM Batangan Antam",1000,"gr",2595600000,0,"IDR","2026-07-11",""
"hargaemas-net","gold","Emas LM Batangan Antam",0.5,"gr",1377500,0,"IDR","2026-07-12",""
"hargaemas-net","gold","Emas LM Batangan Antam",1,"gr",2655000,2415000,"IDR","2026-07-12",""
"hargaemas-net","gold","Emas LM Batangan Antam",2,"gr",5250000,0,"IDR","2026-07-12",""
"hargaemas-net","gold","Emas LM Batangan Antam",3,"gr",7850000,0,"IDR","2026-07-12",""
"hargaemas-net","gold","Emas LM Batangan Antam",5,"gr",13050000,0,"IDR","2026-07-12",""
"hargaemas-net","gold","Emas LM Batangan Antam",10,"gr",26045000,0,"IDR","2026-07-12",""
"hargaemas-net","gold","Emas LM Batangan Antam",25,"gr",64987000,0,"IDR","2026-07-12",""
"hargaemas-net","gold","Emas LM Batangan Antam",50,"gr",129895000,0,"IDR","2026-07-12",""
"hargaemas-net","gold","Emas LM Batangan Antam",100,"gr",259712000,0,"IDR","2026-07-12",""
"hargaemas-net","gold","Emas LM Batangan Antam",250,"gr",649015000,0,"IDR","2026-07-12",""
"hargaemas-net","gold","Emas LM Batangan Antam",500,"gr",1297820000,0,"IDR","2026-07-12",""
"hargaemas-net","gold","Emas LM Batangan Antam",1000,"gr",2595600000,0,"IDR","2026-07-12",""
"hargaemas-net","gold","Emas LM Batangan Antam",0.5,"gr",1367500,0,"IDR","2026-07-13",""
"hargaemas-net","gold","Emas LM Batangan Antam",1,"gr",2635000,2395000,"IDR","2026-07-13",""
"hargaemas-net","gold","Emas LM Batangan Antam",2,"gr",5210000,0,"IDR","2026-07-13",""
"hargaemas-net","gold","Emas LM Batangan Antam",3,"gr",7790000,0,"IDR","2026-07-13",""
"hargaemas-net","gold","Emas LM Batangan Antam",5,"gr",12950000,0,"IDR","2026-07-13",""
"hargaemas-net","gold","Emas LM Batangan Antam",10,"gr",25845000,0,"IDR","2026-07-13",""
"hargaemas-net","gold","Emas LM Batangan Antam",25,"gr",64487000,0,"IDR","2026-07-13",""
"hargaemas-net","gold","Emas LM Batangan Antam",50,"gr",128895000,0,"IDR","2026-07-13",""
"hargaemas-net","gold","Emas LM Batangan Antam",100,"gr",257712000,0,"IDR","2026-07-13",""
"hargaemas-net","gold","Emas LM Batangan Antam",250,"gr",644015000,0,"IDR","2026-07-13",""
"hargaemas-net","gold","Emas LM Batangan Antam",500,"gr",1287820000,0,"IDR","2026-07-13",""
"hargaemas-net","gold","Emas LM Batangan Antam",1000,"gr",2575600000,0,"IDR","2026-07-13",""
"hargaemas-net","gold","Emas LM Batangan Antam",0.5,"gr",1357500,0,"IDR","2026-07-14",""
"hargaemas-net","gold","Emas LM Batangan Antam",1,"gr",2615000,2352000,"IDR","2026-07-14",""
"hargaemas-net","gold","Emas LM Batangan Antam",2,"gr",5170000,0,"IDR","2026-07-14",""
"hargaemas-net","gold","Emas LM Batangan Antam",3,"gr",7730000,0,"IDR","2026-07-14",""
"hargaemas-net","gold","Emas LM Batangan Antam",5,"gr",12850000,0,"IDR","2026-07-14",""
"hargaemas-net","gold","Emas LM Batangan Antam",10,"gr",25645000,0,"IDR","2026-07-14",""
"hargaemas-net","gold","Emas LM Batangan Antam",25,"gr",63987000,0,"IDR","2026-07-14",""
"hargaemas-net","gold","Emas LM Batangan Antam",50,"gr",127895000,0,"IDR","2026-07-14",""
"hargaemas-net","gold","Emas LM Batangan Antam",100,"gr",255712000,0,"IDR","2026-07-14",""
"hargaemas-net","gold","Emas LM Batangan Antam",250,"gr",639015000,0,"IDR","2026-07-14",""
"hargaemas-net","gold","Emas LM Batangan Antam",500,"gr",1277820000,0,"IDR","2026-07-14",""
"hargaemas-net","gold","Emas LM Batangan Antam",1000,"gr",2555600000,0,"IDR","2026-07-14",""
"hargaemas-net","gold","Emas LM Batangan Antam",0.5,"gr",1367500,0,"IDR","2026-07-15",""
"hargaemas-net","gold","Emas LM Batangan Antam",1,"gr",2635000,2382000,"IDR","2026-07-15",""
"hargaemas-net","gold","Emas LM Batangan Antam",2,"gr",5210000,0,"IDR","2026-07-15",""
"hargaemas-net","gold","Emas LM Batangan Antam",3,"gr",7790000,0,"IDR","2026-07-15",""
"hargaemas-net","gold","Emas LM Batangan Antam",5,"gr",12950000,0,"IDR","2026-07-15",""
"hargaemas-net","gold","Emas LM Batangan Antam",10,"gr",25845000,0,"IDR","2026-07-15",""
"hargaemas-net","gold","Emas LM Batangan Antam",25,"gr",64487000,0,"IDR","2026-07-15",""
"hargaemas-net","gold","Emas LM Batangan Antam",50,"gr",128895000,0,"IDR","2026-07-15",""
"hargaemas-net","gold","Emas LM Batangan Antam",100,"gr",257712000,0,"IDR","2026-07-15",""
"hargaemas-net","gold","Emas LM Batangan Antam",250,"gr",644015000,0,"IDR","2026-07-15",""
"hargaemas-net","gold","Emas LM Batangan Antam",500,"gr",1287820000,0,"IDR","2026-07-15",""
"hargaemas-net","gold","Emas LM Batangan Antam",1000,"gr",2575600000,0,"IDR","2026-07-15",""
"hargaemas-net","gold","Emas LM Batangan Antam",0.5,"gr",1366500,0,"IDR","2026-07-16",""
"hargaemas-net","gold","Emas LM Batangan Antam",1,"gr",2633000,2380000,"IDR","2026-07-16",""
"hargaemas-net","gold","Emas LM Batangan Antam",2,"gr",5206000,0,"IDR","2026-07-16",""
"hargaemas-net","gold","Emas LM Batangan Antam",3,"gr",7784000,0,"IDR","2026-07-16",""
"hargaemas-net","gold","Emas LM Batangan Antam",5,"gr",12940000,0,"IDR","2026-07-16",""
"hargaemas-net","gold","Emas LM Batangan Antam",10,"gr",25825000,0,"IDR","2026-07-16",""
"hargaemas-net","gold","Emas LM Batangan Antam",25,"gr",64437000,0,"IDR","2026-07-16",""
"hargaemas-net","gold","Emas LM Batangan Antam",50,"gr",128795000,0,"IDR","2026-07-16",""
"hargaemas-net","gold","Emas LM Batangan Antam",100,"gr",257512000,0,"IDR","2026-07-16",""
"hargaemas-net","gold","Emas LM Batangan Antam",250,"gr",643515000,0,"IDR","2026-07-16",""
"hargaemas-net","gold","Emas LM Batangan Antam",500,"gr",1286820000,0,"IDR","2026-07-16",""
"hargaemas-net","gold","Emas LM Batangan Antam",1000,"gr",2573600000,0,"IDR","2026-07-16",""
"hargaemas-net","gold","Emas LM Batangan Antam",0.5,"gr",1353000,0,"IDR","2026-07-17",""
"hargaemas-net","gold","Emas LM Batangan Antam",1,"gr",2606000,2333000,"IDR","2026-07-17",""
"hargaemas-net","gold","Emas LM Batangan Antam",2,"gr",5152000,0,"IDR","2026-07-17",""
"hargaemas-net","gold","Emas LM Batangan Antam",3,"gr",7703000,0,"IDR","2026-07-17",""
"hargaemas-net","gold","Emas LM Batangan Antam",5,"gr",12805000,0,"IDR","2026-07-17",""
"hargaemas-net","gold","Emas LM Batangan Antam",10,"gr",25555000,0,"IDR","2026-07-17",""
"hargaemas-net","gold","Emas LM Batangan Antam",25,"gr",63762000,0,"IDR","2026-07-17",""
"hargaemas-net","gold","Emas LM Batangan Antam",50,"gr",127445000,0,"IDR","2026-07-17",""
"hargaemas-net","gold","Emas LM Batangan Antam",100,"gr",254812000,0,"IDR","2026-07-17",""
"hargaemas-net","gold","Emas LM Batangan Antam",250,"gr",636765000,0,"IDR","2026-07-17",""
"hargaemas-net","gold","Emas LM Batangan Antam",500,"gr",1273320000,0,"IDR","2026-07-17",""
"hargaemas-net","gold","Emas LM Batangan Antam",1000,"gr",2546600000,0,"IDR","2026-07-17",""
"hargaemas-net","gold","Emas LM Batangan Antam",0.5,"gr",1357000,0,"IDR","2026-07-18",""
"hargaemas-net","gold","Emas LM Batangan Antam",1,"gr",2614000,2349000,"IDR","2026-07-18",""
"hargaemas-net","gold","Emas LM Batangan Antam",2,"gr",5168000,0,"IDR","2026-07-18",""
"hargaemas-net","gold","Emas LM Batangan Antam",3,"gr",7727000,0,"IDR","2026-07-18",""
"hargaemas-net","gold","Emas LM Batangan Antam",5,"gr",12845000,0,"IDR","2026-07-18",""
"hargaemas-net","gold","Emas LM Batangan Antam",10,"gr",25635000,0,"IDR","2026-07-18",""
"hargaemas-net","gold","Emas LM Batangan Antam",25,"gr",63962000,0,"IDR","2026-07-18",""
"hargaemas-net","gold","Emas LM Batangan Antam",50,"gr",127845000,0,"IDR","2026-07-18",""
"hargaemas-net","gold","Emas LM Batangan Antam",100,"gr",255612000,0,"IDR","2026-07-18",""
"hargaemas-net","gold","Emas LM Batangan Antam",250,"gr",638765000,0,"IDR","2026-07-18",""
"hargaemas-net","gold","Emas LM Batangan Antam",500,"gr",1277320000,0,"IDR","2026-07-18",""
"hargaemas-net","gold","Emas LM Batangan Antam",1000,"gr",2554600000,0,"IDR","2026-07-18",""
"hargaemas-net","gold","Emas LM Batangan Antam",0.5,"gr",1357000,0,"IDR","2026-07-19",""
"hargaemas-net","gold","Emas LM Batangan Antam",1,"gr",2614000,2349000,"IDR","2026-07-19",""
"hargaemas-net","gold","Emas LM Batangan Antam",2,"gr",5168000,0,"IDR","2026-07-19",""
"hargaemas-net","gold","Emas LM Batangan Antam",3,"gr",7727000,0,"IDR","2026-07-19",""
"hargaemas-net","gold","Emas LM Batangan Antam",5,"gr",12845000,0,"IDR","2026-07-19",""
"hargaemas-net","gold","Emas LM Batangan Antam",10,"gr",25635000,0,"IDR","2026-07-19",""
"hargaemas-net","gold","Emas LM Batangan Antam",25,"gr",63962000,0,"IDR","2026-07-19",""
"hargaemas-net","gold","Emas LM Batangan Antam",50,"gr",127845000,0,"IDR","2026-07-19",""
"hargaemas-net","gold","Emas LM Batangan Antam",100,"gr",255612000,0,"IDR","2026-07-19",""
"hargaemas-net","gold","Emas LM Batangan Antam",250,"gr",638765000,0,"IDR","2026-07-19",""
"hargaemas-net","gold","Emas LM Batangan Antam",500,"gr",1277320000,0,"IDR","2026-07-19",""
"hargaemas-net","gold","Emas LM Batangan Antam",1000,"gr",2554600000,0,"IDR","2026-07-19",""
"hargaemas-net","gold","Emas LM Batangan Antam",0.5,"gr",1355000,0,"IDR","2026-07-20",""
"hargaemas-net","gold","Emas LM Batangan Antam",1,"gr",2610000,2341000,"IDR","2026-07-20",""
"hargaemas-net","gold","Emas LM Batangan Antam",2,"gr",5160000,0,"IDR","2026-07-20",""
"hargaemas-net","gold","Emas LM Batangan Antam",3,"gr",7715000,0,"IDR","2026-07-20",""
"hargaemas-net","gold","Emas LM Batangan Antam",5,"gr",12825000,0,"IDR","2026-07-20",""
"hargaemas-net","gold","Emas LM Batangan Antam",10,"gr",25595000,0,"IDR","2026-07-20",""
"hargaemas-net","gold","Emas LM Batangan Antam",25,"gr",63862000,0,"IDR","2026-07-20",""
"hargaemas-net","gold","Emas LM Batangan Antam",50,"gr",127645000,0,"IDR","2026-07-20",""
"hargaemas-net","gold","Emas LM Batangan Antam",100,"gr",255212000,0,"IDR","2026-07-20",""
"hargaemas-net","gold","Emas LM Batangan Antam",250,"gr",637765000,0,"IDR","2026-07-20",""
"hargaemas-net","gold","Emas LM Batangan Antam",500,"gr",1275320000,0,"IDR","2026-07-20",""
"hargaemas-net","gold","Emas LM Batangan Antam",1000,"gr",2550600000,0,"IDR","2026-07-20",""
"hargaemas-net","gold","Emas LM Batangan Antam",0.5,"gr",1350500,0,"IDR","2026-07-21",""
"hargaemas-net","gold","Emas LM Batangan Antam",1,"gr",2601000,2332000,"IDR","2026-07-21",""
"hargaemas-net","gold","Emas LM Batangan Antam",2,"gr",5142000,0,"IDR","2026-07-21",""
"hargaemas-net","gold","Emas LM Batangan Antam",3,"gr",7688000,0,"IDR","2026-07-21",""
"hargaemas-net","gold","Emas LM Batangan Antam",5,"gr",12780000,0,"IDR","2026-07-21",""
"hargaemas-net","gold","Emas LM Batangan Antam",10,"gr",25505000,0,"IDR","2026-07-21",""
"hargaemas-net","gold","Emas LM Batangan Antam",25,"gr",63637000,0,"IDR","2026-07-21",""
"hargaemas-net","gold","Emas LM Batangan Antam",50,"gr",127195000,0,"IDR","2026-07-21",""
"hargaemas-net","gold","Emas LM Batangan Antam",100,"gr",254312000,0,"IDR","2026-07-21",""
"hargaemas-net","gold","Emas LM Batangan Antam",250,"gr",635515000,0,"IDR","2026-07-21",""
"hargaemas-net","gold","Emas LM Batangan Antam",500,"gr",1270820000,0,"IDR","2026-07-21",""
"hargaemas-net","gold","Emas LM Batangan Antam",1000,"gr",2541600000,0,"IDR","2026-07-21",""
"hargaemas-net","gold","Emas LM Batangan Antam",0.5,"gr",1367500,0,"IDR","2026-07-22",""
"hargaemas-net","gold","Emas LM Batangan Antam",1,"gr",2635000,2386000,"IDR","2026-07-22",""
"hargaemas-net","gold","Emas LM Batangan Antam",2,"gr",5210000,0,"IDR","2026-07-22",""
"hargaemas-net","gold","Emas LM Batangan Antam",3,"gr",7790000,0,"IDR","2026-07-22",""
"hargaemas-net","gold","Emas LM Batangan Antam",5,"gr",12950000,0,"IDR","2026-07-22",""
"hargaemas-net","gold","Emas LM Batangan Antam",10,"gr",25845000,0,"IDR","2026-07-22",""
"hargaemas-net","gold","Emas LM Batangan Antam",25,"gr",64487000,0,"IDR","2026-07-22",""
"hargaemas-net","gold","Emas LM Batangan Antam",50,"gr",128895000,0,"IDR","2026-07-22",""
"hargaemas-net","gold","Emas LM Batangan Antam",100,"gr",257712000,0,"IDR","2026-07-22",""
"hargaemas-net","gold","Emas LM Batangan Antam",250,"gr",644015000,0,"IDR","2026-07-22",""
"hargaemas-net","gold","Emas LM Batangan Antam",500,"gr",1287820000,0,"IDR","2026-07-22",""
"hargaemas-net","gold","Emas LM Batangan Antam",1000,"gr",2575600000,0,"IDR","2026-07-22",""
"hargaemas-net","gold","Emas LM Batangan Antam",0.5,"gr",1370000,0,"IDR","2026-07-23",""
"hargaemas-net","gold","Emas LM Batangan Antam",1,"gr",2640000,2395000,"IDR","2026-07-23",""
"hargaemas-net","gold","Emas LM Batangan Antam",2,"gr",5220000,0,"IDR","2026-07-23",""
"hargaemas-net","gold","Emas LM Batangan Antam",3,"gr",7805000,0,"IDR","2026-07-23",""
"hargaemas-net","gold","Emas LM Batangan Antam",5,"gr",12975000,0,"IDR","2026-07-23",""
"hargaemas-net","gold","Emas LM Batangan Antam",10,"gr",25895000,0,"IDR","2026-07-23",""
"hargaemas-net","gold","Emas LM Batangan Antam",25,"gr",64612000,0,"IDR","2026-07-23",""
"hargaemas-net","gold","Emas LM Batangan Antam",50,"gr",129145000,0,"IDR","2026-07-23",""
"hargaemas-net","gold","Emas LM Batangan Antam",100,"gr",258212000,0,"IDR","2026-07-23",""
"hargaemas-net","gold","Emas LM Batangan Antam",250,"gr",645265000,0,"IDR","2026-07-23",""
"hargaemas-net","gold","Emas LM Batangan Antam",500,"gr",1290320000,0,"IDR","2026-07-23",""
"hargaemas-net","gold","Emas LM Batangan Antam",1000,"gr",2580600000,0,"IDR","2026-07-23",""
"hargaemas-net","gold","Emas LM Batangan Antam",0.5,"gr",1352500,0,"IDR","2026-07-24",""
"hargaemas-net","gold","Emas LM Batangan Antam",1,"gr",2605000,2345000,"IDR","2026-07-24",""
"hargaemas-net","gold","Emas LM Batangan Antam",2,"gr",5150000,0,"IDR","2026-07-24",""
"hargaemas-net","gold","Emas LM Batangan Antam",3,"gr",7700000,0,"IDR","2026-07-24",""
"hargaemas-net","gold","Emas LM Batangan Antam",5,"gr",12800000,0,"IDR","2026-07-24",""
"hargaemas-net","gold","Emas LM Batangan Antam",10,"gr",25545000,0,"IDR","2026-07-24",""
"hargaemas-net","gold","Emas LM Batangan Antam",25,"gr",63737000,0,"IDR","2026-07-24",""
"hargaemas-net","gold","Emas LM Batangan Antam",50,"gr",127395000,0,"IDR","2026-07-24",""
"hargaemas-net","gold","Emas LM Batangan Antam",100,"gr",254712000,0,"IDR","2026-07-24",""
"hargaemas-net","gold","Emas LM Batangan Antam",250,"gr",636515000,0,"IDR","2026-07-24",""
"hargaemas-net","gold","Emas LM Batangan Antam",500,"gr",1272820000,0,"IDR","2026-07-24",""
"hargaemas-net","gold","Emas LM Batangan Antam",1000,"gr",2545600000,0,"IDR","2026-07-24",""
"hargaemas-net","gold","Emas LM Batangan Antam",0.5,"gr",1356000,0,"IDR","2026-07-25",""
"hargaemas-net","gold","Emas LM Batangan Antam",1,"gr",2612000,2352000,"IDR","2026-07-25",""
"hargaemas-net","gold","Emas LM Batangan Antam",2,"gr",5164000,0,"IDR","2026-07-25",""
"hargaemas-net","gold","Emas LM Batangan Antam",3,"gr",7721000,0,"IDR","2026-07-25",""
"hargaemas-net","gold","Emas LM Batangan Antam",5,"gr",12835000,0,"IDR","2026-07-25",""
"hargaemas-net","gold","Emas LM Batangan Antam",10,"gr",25615000,0,"IDR","2026-07-25",""
"hargaemas-net","gold","Emas LM Batangan Antam",25,"gr",63912000,0,"IDR","2026-07-25",""
"hargaemas-net","gold","Emas LM Batangan Antam",50,"gr",127745000,0,"IDR","2026-07-25",""
"hargaemas-net","gold","Emas LM Batangan Antam",100,"gr",255412000,0,"IDR","2026-07-25",""
"hargaemas-net","gold","Emas LM Batangan Antam",250,"gr",638265000,0,"IDR","2026-07-25",""
"hargaemas-net","gold","Emas LM Batangan Antam",500,"gr",1276320000,0,"IDR","2026-07-25",""
"hargaemas-net","gold","Emas LM Batangan Antam",1000,"gr",2552600000,0,"IDR","2026-07-25",""
"hargaemas-net","gold","Emas LM Batangan Antam",0.5,"gr",1356000,0,"IDR","2026-07-26",""
"hargaemas-net","gold","Emas LM Batangan Antam",1,"gr",2612000,2352000,"IDR","2026-07-26",""
"hargaemas-net","gold","Emas LM Batangan Antam",2,"gr",5164000,0,"IDR","2026-07-26",""
"hargaemas-net","gold","Emas LM Batangan Antam",3,"gr",7721000,0,"IDR","2026-07-26",""
"hargaemas-net","gold","Emas LM Batangan Antam",5,"gr",12835000,0,"IDR","2026-07-26",""
"hargaemas-net","gold","Emas LM Batangan Antam",10,"gr",25615000,0,"IDR","2026-07-26",""
"hargaemas-net","gold","Emas LM Batangan Antam",25,"gr",63912000,0,"IDR","2026-07-26",""
"hargaemas-net","gold","Emas LM Batangan Antam",50,"gr",127745000,0,"IDR","2026-07-26",""
"hargaemas-net","gold","Emas LM Batangan Antam",100,"gr",255412000,0,"IDR","2026-07-26",""
"hargaemas-net","gold","Emas LM Batangan Antam",250,"gr",638265000,0,"IDR","2026-07-26",""
"hargaemas-net","gold","Emas LM Batangan Antam",500,"gr",1276320000,0,"IDR","2026-07-26",""
"hargaemas-net","gold","Emas LM Batangan Antam",1000,"gr",2552600000,0,"IDR","2026-07-26",""
"hargaemas-net","gold","Emas LM Batangan Antam",0.5,"gr",1361000,0,"IDR","2026-07-27",""
"hargaemas-net","gold","Emas LM Batangan Antam",1,"gr",2622000,2370000,"IDR","2026-07-27",""
"hargaemas-net","gold","Emas LM Batangan Antam",2,"gr",5184000,0,"IDR","2026-07-27",""
"hargaemas-net","gold","Emas LM Batangan Antam",3,"gr",7751000,0,"IDR","2026-07-27",""
"hargaemas-net","gold","Emas LM Batangan Antam",5,"gr",12885000,0,"IDR","2026-07-27",""
"hargaemas-net","gold","Emas LM Batangan Antam",10,"gr",25715000,0,"IDR","2026-07-27",""
"hargaemas-net","gold","Emas LM Batangan Antam",25,"gr",64162000,0,"IDR","2026-07-27",""
"hargaemas-net","gold","Emas LM Batangan Antam",50,"gr",128245000,0,"IDR","2026-07-27",""
"hargaemas-net","gold","Emas LM Batangan Antam",100,"gr",256412000,0,"IDR","2026-07-27",""
"hargaemas-net","gold","Emas LM Batangan Antam",250,"gr",640765000,0,"IDR","2026-07-27",""
"hargaemas-net","gold","Emas LM Batangan Antam",500,"gr",1281320000,0,"IDR","2026-07-27",""
"hargaemas-net","gold","Emas LM Batangan Antam",1000,"gr",2562600000,0,"IDR","2026-07-27",""
"hargaemas-net","gold","Emas LM Batangan Antam",0.5,"gr",1356500,0,"IDR","2026-07-28",""
"hargaemas-net","gold","Emas LM Batangan Antam",1,"gr",2613000,2361000,"IDR","2026-07-28",""
"hargaemas-net","gold","Emas LM Batangan Antam",2,"gr",5166000,0,"IDR","2026-07-28",""
"hargaemas-net","gold","Emas LM Batangan Antam",3,"gr",7724000,0,"IDR","2026-07-28",""
"hargaemas-net","gold","Emas LM Batangan Antam",5,"gr",12840000,0,"IDR","2026-07-28",""
"hargaemas-net","gold","Emas LM Batangan Antam",10,"gr",25625000,0,"IDR","2026-07-28",""
"hargaemas-net","gold","Emas LM Batangan Antam",25,"gr",63937000,0,"IDR","2026-07-28",""
"hargaemas-net","gold","Emas LM Batangan Antam",50,"gr",127795000,0,"IDR","2026-07-28",""
"hargaemas-net","gold","Emas LM Batangan Antam",100,"gr",255512000,0,"IDR","2026-07-28",""
"hargaemas-net","gold","Emas LM Batangan Antam",250,"gr",638515000,0,"IDR","2026-07-28",""
"hargaemas-net","gold","Emas LM Batangan Antam",500,"gr",1276820000,0,"IDR","2026-07-28",""
"hargaemas-net","gold","Emas LM Batangan Antam",1000,"gr",2553600000,0,"IDR","2026-07-28",""
"hargaemas-net","gold","Emas LM Batangan Antam",0.5,"gr",1350500,0,"IDR","2026-07-29",""
"hargaemas-net","gold","Emas LM Batangan Antam",1,"gr",2601000,2346000,"IDR","2026-07-29",""
"hargaemas-net","gold","Emas LM Batangan Antam",2,"gr",5142000,0,"IDR","2026-07-29",""
"hargaemas-net","gold","Emas LM Batangan Antam",3,"gr",7688000,0,"IDR","2026-07-29",""
"hargaemas-net","gold","Emas LM Batangan Antam",5,"gr",12780000,0,"IDR","2026-07-29",""
"hargaemas-net","gold","Emas LM Batangan Antam",10,"gr",25505000,0,"IDR","2026-07-29",""
"hargaemas-net","gold","Emas LM Batangan Antam",25,"gr",63637000,0,"IDR","2026-07-29",""
"hargaemas-net","gold","Emas LM Batangan Antam",50,"gr",127195000,0,"IDR","2026-07-29",""
"hargaemas-net","gold","Emas LM Batangan Antam",100,"gr",254312000,0,"IDR","2026-07-29",""
"hargaemas-net","gold","Emas LM Batangan Antam",250,"gr",635515000,0,"IDR","2026-07-29",""
"hargaemas-net","gold","Emas LM Batangan Antam",500,"gr",1270820000,0,"IDR","2026-07-29",""
"hargaemas-net","gold","Emas LM Batangan Antam",1000,"gr",2541600000,0,"IDR","2026-07-29",""
"hargaemas-net","gold","Emas LM Batangan Antam",0.5,"gr",1358000,0,"IDR","2026-07-30",""
"hargaemas-net","gold","Emas LM Batangan Antam",1,"gr",2616000,2381000,"IDR","2026-07-30",""
"hargaemas-net","gold","Emas LM Batangan Antam",2,"gr",5172000,0,"IDR","2026-07-30",""
"hargaemas-net","gold","Emas LM Batangan Antam",3,"gr",7733000,0,"IDR","2026-07-30",""
"hargaemas-net","gold","Emas LM Batangan Antam",5,"gr",12855000,0,"IDR","2026-07-30",""
"hargaemas-net","gold","Emas LM Batangan Antam",10,"gr",25655000,0,"IDR","2026-07-30",""
"hargaemas-net","gold","Emas LM Batangan Antam",25,"gr",64012000,0,"IDR","2026-07-30",""
"hargaemas-net","gold","Emas LM Batangan Antam",50,"gr",127945000,0,"IDR","2026-07-30",""
"hargaemas-net","gold","Emas LM Batangan Antam",100,"gr",255812000,0,"IDR","2026-07-30",""
"hargaemas-net","gold","Emas LM Batangan Antam",250,"gr",639265000,0,"IDR","2026-07-30",""
"hargaemas-net","gold","Emas LM Batangan Antam",500,"gr",1278320000,0,"IDR","2026-07-30",""
"hargaemas-net","gold","Emas LM Batangan Antam",1000,"gr",2556600000,0,"IDR","2026-07-30",""
"hargaemas-net","gold","Emas LM Batangan Antam",0.5,"gr",1361500,0,"IDR","2026-07-31",""
"hargaemas-net","gold","Emas LM Batangan Antam",1,"gr",2623000,2398000,"IDR","2026-07-31",""
"hargaemas-net","gold","Emas LM Batangan Antam",2,"gr",5186000,0,"IDR","2026-07-31",""
"hargaemas-net","gold","Emas LM Batangan Antam",3,"gr",7754000,0,"IDR","2026-07-31",""
"hargaemas-net","gold","Emas LM Batangan Antam",5,"gr",12890000,0,"IDR","2026-07-31",""
"hargaemas-net","gold","Emas LM Batangan Antam",10,"gr",25725000,0,"IDR","2026-07-31",""
"hargaemas-net","gold","Emas LM Batangan Antam",25,"gr",64187000,0,"IDR","2026-07-31",""
"hargaemas-net","gold","Emas LM Batangan Antam",50,"gr",128295000,0,"IDR","2026-07-31",""
"hargaemas-net","gold","Emas LM Batangan Antam",100,"gr",256512000,0,"IDR","2026-07-31",""
"hargaemas-net","gold","Emas LM Batangan Antam",250,"gr",641015000,0,"IDR","2026-07-31",""
"hargaemas-net","gold","Emas LM Batangan Antam",500,"gr",1281820000,0,"IDR","2026-07-31",""
"hargaemas-net","gold","Emas LM Batangan Antam",1000,"gr",2563600000,0,"IDR","2026-07-31",""
"hargaemas-net","gold","Emas LM Batangan Antam",0.5,"gr",1351500,0,"IDR","2026-08-01",""
"hargaemas-net","gold","Emas LM Batangan Antam",1,"gr",2603000,2368000,"IDR","2026-08-01",""
"hargaemas-net","gold","Emas LM Batangan Antam",2,"gr",5146000,0,"IDR","2026-08-01",""
"hargaemas-net","gold","Emas LM Batangan Antam",3,"gr",7694000,0,"IDR","2026-08-01",""
"hargaemas-net","gold","Emas LM Batangan Antam",5,"gr",12790000,0,"IDR","2026-08-01",""
"hargaemas-net","gold","Emas LM Batangan Antam",10,"gr",25525000,0,"IDR","2026-08-01",""
"hargaemas-net","gold","Emas LM Batangan Antam",25,"gr",63687000,0,"IDR","2026-08-01",""
"hargaemas-net","gold","Emas LM Batangan Antam",50,"gr",127295000,0,"IDR","2026-08-01",""
"hargaemas-net","gold","Emas LM Batangan Antam",100,"gr",254512000,0,"IDR","2026-08-01",""
"hargaemas-net","gold","Emas LM Batangan Antam",250,"gr",636015000,0,"IDR","2026-08-01",""
"hargaemas-net","gold","Emas LM Batangan Antam",500,"gr",1271820000,0,"IDR","2026-08-01",""
"hargaemas-net","gold","Emas LM Batangan Antam",1000,"gr",2543600000,0,"IDR","2026-08-01",""
"hargaemas-net","gold","Emas LM Batangan Antam",0.5,"gr",1351500,0,"IDR","2026-08-02",""
"hargaemas-net","gold","Emas LM Batangan Antam",1,"gr",2603000,2368000,"IDR","2026-08-02",""
"hargaemas-net","gold","Emas LM Batangan Antam",2,"gr",5146000,0,"IDR","2026-08-02",""
"hargaemas-net","gold","Emas LM Batangan Antam",3,"gr",7694000,0,"IDR","2026-08-02",""
"hargaemas-net","gold","Emas LM Batangan Antam",5,"gr",12790000,0,"IDR","2026-08-02",""
"hargaemas-net","gold","Emas LM Batangan Antam",10,"gr",25525000,0,"IDR","2026-08-02",""
"hargaemas-net","gold","Emas LM Batangan Antam",25,"gr",63687000,0,"IDR","2026-08-02",""
"hargaemas-net","gold","Emas LM Batangan Antam",50,"gr",127295000,0,"IDR","2026-08-02",""
"hargaemas-net","gold","Emas LM Batangan Antam",100,"gr",254512000,0,"IDR","2026-08-02",""
"hargaemas-net","gold","Emas LM Batangan Antam",250,"gr",636015000,0,"IDR","2026-08-02",""
"hargaemas-net","gold","Emas LM Batangan Antam",500,"gr",1271820000,0,"IDR","2026-08-02",""
"hargaemas-net","gold","Emas LM Batangan Antam",1000,"gr",2543600000,0,"IDR","2026-08-02",""
"hargaemas-net","gold","Emas LM Batangan Antam",0.5,"gr",1355000,0,"IDR","2026-08-03",""
"hargaemas-net","gold","Emas LM Batangan Antam",1,"gr",2610000,2379000,"IDR","2026-08-03",""
"hargaemas-net","gold","Emas LM Batangan Antam",2,"gr",5160000,0,"IDR","2026-08-03",""
"hargaemas-net","gold","Emas LM Batangan Antam",3,"gr",7715000,0,"IDR","2026-08-03",""
"hargaemas-net","gold","Emas LM Batangan Antam",5,"gr",12825000,0,"IDR","2026-08-03",""
"hargaemas-net","gold","Emas LM Batangan Antam",10,"gr",25595000,0,"IDR","2026-08-03",""
"hargaemas-net","gold","Emas LM Batangan Antam",25,"gr",63862000,0,"IDR","2026-08-03",""
"hargaemas-net","gold","Emas LM Batangan Antam",50,"gr",127645000,0,"IDR","2026-08-03",""
"hargaemas-net","gold","Emas LM Batangan Antam",100,"gr",255212000,0,"IDR","2026-08-03",""
"hargaemas-net","gold","Emas LM Batangan Antam",250,"gr",637765000,0,"IDR","2026-08-03",""
"hargaemas-net","gold","Emas LM Batangan Antam",500,"gr",1275320000,0,"IDR","2026-08-03",""
"hargaemas-net","gold","Emas LM Batangan Antam",1000,"gr",2550600000,0,"IDR","2026-08-03",""
"hargaemas-net","gold","Emas LM Batangan Antam",0.5,"gr",1351500,0,"IDR","2026-08-04",""
"hargaemas-net","gold","Emas LM Batangan Antam",1,"gr",2603000,2374000,"IDR","2026-08-04",""
"hargaemas-net","gold","Emas LM Batangan Antam",2,"gr",5146000,0,"IDR","2026-08-04",""
"hargaemas-net","gold","Emas LM Batangan Antam",3,"gr",7694000,0,"IDR","2026-08-04",""
"hargaemas-net","gold","Emas LM Batangan Antam",5,"gr",12790000,0,"IDR","2026-08-04",""
"hargaemas-net","gold","Emas LM Batangan Antam",10,"gr",25525000,0,"IDR","2026-08-04",""
"hargaemas-net","gold","Emas LM Batangan Antam",25,"gr",63687000,0,"IDR","2026-08-04",""
"hargaemas-net","gold","Emas LM Batangan Antam",50,"gr",127295000,0,"IDR","2026-08-04",""
"hargaemas-net","gold","Emas LM Batangan Antam",100,"gr",254512000,0,"IDR","2026-08-04",""
"hargaemas-net","gold","Emas LM Batangan Antam",250,"gr",636015000,0,"IDR","2026-08-04",""
"hargaemas-net","gold","Emas LM Batangan Antam",500,"gr",1271820000,0,"IDR","2026-08-04",""
"hargaemas-net","gold","Emas LM Batangan Antam",1000,"gr",2543600000,0,"IDR","2026-08-04",""
"hargaemas-net","gold","Emas LM Batangan Antam",0.5,"gr",1349500,0,"IDR","2026-08-05",""
"hargaemas-net","gold","Emas LM Batangan Antam",1,"gr",2599000,2370000,"IDR","2026-08-05",""
"hargaemas-net","gold","Emas LM Batangan Antam",2,"gr",5138000,0,"IDR","2026-08-05",""
"hargaemas-net","gold","Emas LM Batangan Antam",3,"gr",7682000,0,"IDR","2026-08-05",""
"hargaemas-net","gold","Emas LM Batangan Antam",5,"gr",12770000,0,"IDR","2026-08-05",""
"hargaemas-net","gold","Emas LM Batangan Antam",10,"gr",25485000,0,"IDR","2026-08-05",""
"hargaemas-net","gold","Emas LM Batangan Antam",25,"gr",63587000,0,"IDR","2026-08-05",""
"hargaemas-net","gold","Emas LM Batangan Antam",50,"gr",127095000,0,"IDR","2026-08-05",""
"hargaemas-net","gold","Emas LM Batangan Antam",100,"gr",254112000,0,"IDR","2026-08-05",""
"hargaemas-net","gold","Emas LM Batangan Antam",250,"gr",635015000,0,"IDR","2026-08-05",""
"hargaemas-net","gold","Emas LM Batangan Antam",500,"gr",1269820000,0,"IDR","2026-08-05",""
"hargaemas-net","gold","Emas LM Batangan Antam",1000,"gr",2539600000,0,"IDR","2026-08-05",""
"hargaemas-net","gold","Emas LM Batangan Antam",0.5,"gr",1389500,0,"IDR","2026-08-06",""
"hargaemas-net","gold","Emas LM Batangan Antam",1,"gr",2679000,2490000,"IDR","2026-08-06",""
"hargaemas-net","gold","Emas LM Batangan Antam",2,"gr",5298000,0,"IDR","2026-08-06",""
"hargaemas-net","gold","Emas LM Batangan Antam",3,"gr",7922000,0,"IDR","2026-08-06",""
"hargaemas-net","gold","Emas LM Batangan Antam",5,"gr",13170000,0,"IDR","2026-08-06",""
"hargaemas-net","gold","Emas LM Batangan Antam",10,"gr",26285000,0,"IDR","2026-08-06",""
"hargaemas-net","gold","Emas LM Batangan Antam",25,"gr",65587000,0,"IDR","2026-08-06",""
"hargaemas-net","gold","Emas LM Batangan Antam",50,"gr",131095000,0,"IDR","2026-08-06",""
"hargaemas-net","gold","Emas LM Batangan Antam",100,"gr",262112000,0,"IDR","2026-08-06",""
"hargaemas-net","gold","Emas LM Batangan Antam",250,"gr",655015000,0,"IDR","2026-08-06",""
"hargaemas-net","gold","Emas LM Batangan Antam",500,"gr",1309820000,0,"IDR","2026-08-06",""
"hargaemas-net","gold","Emas LM Batangan Antam",1000,"gr",2619600000,0,"IDR","2026-08-06",""
"hargaemas-net","gold","Emas LM Batangan Antam",0.5,"gr",1375000,0,"IDR","2026-08-07",""
"hargaemas-net","gold","Emas LM Batangan Antam",1,"gr",2650000,2461000,"IDR","2026-08-07",""
"hargaemas-net","gold","Emas LM Batangan Antam",2,"gr",5240000,0,"IDR","2026-08-07",""
"hargaemas-net","gold","Emas LM Batangan Antam",3,"gr",7835000,0,"IDR","2026-08-07",""
"hargaemas-net","gold","Emas LM Batangan Antam",5,"gr",13025000,0,"IDR","2026-08-07",""
"hargaemas-net","gold","Emas LM Batangan Antam",10,"gr",25995000,0,"IDR","2026-08-07",""
"hargaemas-net","gold","Emas LM Batangan Antam",25,"gr",64862000,0,"IDR","2026-08-07",""
"hargaemas-net","gold","Emas LM Batangan Antam",50,"gr",129645000,0,"IDR","2026-08-07",""
"hargaemas-net","gold","Emas LM Batangan Antam",100,"gr",259212000,0,"IDR","2026-08-07",""
"hargaemas-net","gold","Emas LM Batangan Antam",250,"gr",647765000,0,"IDR","2026-08-07",""
"hargaemas-net","gold","Emas LM Batangan Antam",500,"gr",1295320000,0,"IDR","2026-08-07",""
"hargaemas-net","gold","Emas LM Batangan Antam",1000,"gr",2590600000,0,"IDR","2026-08-07",""
"hargaemas-net","gold","Emas LM Batangan Antam",0.5,"gr",1375000,0,"IDR","2026-08-08",""
"hargaemas-net","gold","Emas LM Batangan Antam",1,"gr",2650000,2511000,"IDR","2026-08-08",""
"hargaemas-net","gold","Emas LM Batangan Antam",2,"gr",5240000,0,"IDR","2026-08-08",""
"hargaemas-net","gold","Emas LM Batangan Antam",3,"gr",7835000,0,"IDR","2026-08-08",""
"hargaemas-net","gold","Emas LM Batangan Antam",5,"gr",13025000,0,"IDR","2026-08-08",""
"hargaemas-net","gold","Emas LM Batangan Antam",10,"gr",25995000,0,"IDR","2026-08-08",""
"hargaemas-net","gold","Emas LM Batangan Antam",25,"gr",64862000,0,"IDR","2026-08-08",""
"hargaemas-net","gold","Emas LM Batangan Antam",50,"gr",129645000,0,"IDR","2026-08-08",""
"hargaemas-net","gold","Emas LM Batangan Antam",100,"gr",259212000,0,"IDR","2026-08-08",""
"hargaemas-net","gold","Emas LM Batangan Antam",250,"gr",647765000,0,"IDR","2026-08-08",""
"hargaemas-net","gold","Emas LM Batangan Antam",500,"gr",1295320000,0,"IDR","2026-08-08",""
"hargaemas-net","gold","Emas LM Batangan Antam",1000,"gr",2590600000,0,"IDR","2026-08-08",""
"hargaemas-net","gold","Emas LM Batangan Antam",0.5,"gr",1375000,0,"IDR","2026-08-09",""
"hargaemas-net","gold","Emas LM Batangan Antam",1,"gr",2650000,2511000,"IDR","2026-08-09",""
"hargaemas-net","gold","Emas LM Batangan Antam",2,"gr",5240000,0,"IDR","2026-08-09",""
"hargaemas-net","gold","Emas LM Batangan Antam",3,"gr",7835000,0,"IDR","2026-08-09",""
"hargaemas-net","gold","Emas LM Batangan Antam",5,"gr",13025000,0,"IDR","2026-08-09",""
"hargaemas-net","gold","Emas LM Batangan Antam",10,"gr",25995000,0,"IDR","2026-08-09",""
"hargaemas-net","gold","Emas LM Batangan Antam",25,"gr",64862000,0,"IDR","2026-08-09",""
"hargaemas-net","gold","Emas LM Batangan Antam",50,"gr",129645000,0,"IDR","2026-08-09",""
"hargaemas-net","gold","Emas LM Batangan Antam",100,"gr",259212000,0,"IDR","2026-08-09",""
"hargaemas-net","gold","Emas LM Batangan Antam",250,"gr",647765000,0,"IDR","2026-08-09",""
"hargaemas-net","gold","Emas LM Batangan Antam",500,"gr",1295320000,0,"IDR","2026-08-09",""
"hargaemas-net","gold","Emas LM Batangan Antam",1000,"gr",2590600000,0,"IDR","2026-08-09",""
"hargaemas-net","gold","Emas LM Batangan Antam",0.5,"gr",1395000,0,"IDR","2026-08-10",""
"hargaemas-net","gold","Emas LM Batangan Antam",1,"gr",2690000,2511000,"IDR","2026-08-10",""
"hargaemas-net","gold","Emas LM Batangan Antam",2,"gr",5320000,0,"IDR","2026-08-10",""
"hargaemas-net","gold","Emas LM Batangan Antam",3,"gr",7955000,0,"IDR","2026-08-10",""
"hargaemas-net","gold","Emas LM Batangan Antam",5,"gr",13225000,0,"IDR","2026-08-10",""
"hargaemas-net","gold","Emas LM Batangan Antam",10,"gr",26395000,0,"IDR","2026-08-10",""
"hargaemas-net","gold","Emas LM Batangan Antam",25,"gr",65862000,0,"IDR","2026-08-10",""
"hargaemas-net","gold","Emas LM Batangan Antam",50,"gr",131645000,0,"IDR","2026-08-10",""
"hargaemas-net","gold","Emas LM Batangan Antam",100,"gr",263212000,0,"IDR","2026-08-10",""
"hargaemas-net","gold","Emas LM Batangan Antam",250,"gr",657765000,0,"IDR","2026-08-10",""
"hargaemas-net","gold","Emas LM Batangan Antam",500,"gr",1315320000,0,"IDR","2026-08-10",""
"hargaemas-net","gold","Emas LM Batangan Antam",1000,"gr",2630600000,0,"IDR","2026-08-10",""
"hargaemas-net","gold","Emas LM Batangan Antam",0.5,"gr",1405000,0,"IDR","2026-08-11",""
"hargaemas-net","gold","Emas LM Batangan Antam",1,"gr",2710000,2546000,"IDR","2026-08-11",""
"hargaemas-net","gold","Emas LM Batangan Antam",2,"gr",5360000,0,"IDR","2026-08-11",""
"hargaemas-net","gold","Emas LM Batangan Antam",3,"gr",8015000,0,"IDR","2026-08-11",""
"hargaemas-net","gold","Emas LM Batangan Antam",5,"gr",13325000,0,"IDR","2026-08-11",""
"hargaemas-net","gold","Emas LM Batangan Antam",10,"gr",26595000,0,"IDR","2026-08-11",""
"hargaemas-net","gold","Emas LM Batangan Antam",25,"gr",66362000,0,"IDR","2026-08-11",""
"hargaemas-net","gold","Emas LM Batangan Antam",50,"gr",132645000,0,"IDR","2026-08-11",""
"hargaemas-net","gold","Emas LM Batangan Antam",100,"gr",265212000,0,"IDR","2026-08-11",""
"hargaemas-net","gold","Emas LM Batangan Antam",250,"gr",662765000,0,"IDR","2026-08-11",""
"hargaemas-net","gold","Emas LM Batangan Antam",500,"gr",1325320000,0,"IDR","2026-08-11",""
"hargaemas-net","gold","Emas LM Batangan Antam",1000,"gr",2650600000,0,"IDR","2026-08-11",""
"hargaemas-net","gold","Emas LM Batangan Antam",0.5,"gr",1390000,0,"IDR","2026-08-12",""
"hargaemas-net","gold","Emas LM Batangan Antam",1,"gr",2680000,2516000,"IDR","2026-08-12",""
"hargaemas-net","gold","Emas LM Batangan Antam",2,"gr",5300000,0,"IDR","2026-08-12",""
"hargaemas-net","gold","Emas LM Batangan Antam",3,"gr",7925000,0,"IDR","2026-08-12",""
"hargaemas-net","gold","Emas LM Batangan Antam",5,"gr",13175000,0,"IDR","2026-08-12",""
"hargaemas-net","gold","Emas LM Batangan Antam",10,"gr",26295000,0,"IDR","2026-08-12",""
"hargaemas-net","gold","Emas LM Batangan Antam",25,"gr",65612000,0,"IDR","2026-08-12",""
"hargaemas-net","gold","Emas LM Batangan Antam",50,"gr",131145000,0,"IDR","2026-08-12",""
"hargaemas-net","gold","Emas LM Batangan Antam",100,"gr",262212000,0,"IDR","2026-08-12",""
"hargaemas-net","gold","Emas LM Batangan Antam",250,"gr",655265000,0,"IDR","2026-08-12",""
"hargaemas-net","gold","Emas LM Batangan Antam",500,"gr",1310320000,0,"IDR","2026-08-12",""
"hargaemas-net","gold","Emas LM Batangan Antam",1000,"gr",2620600000,0,"IDR","2026-08-12",""
"hargaemas-net","gold","Emas LM Batangan Antam",0.5,"gr",1400000,0,"IDR","2026-08-13",""
"hargaemas-net","gold","Emas LM Batangan Antam",1,"gr",2700000,2546000,"IDR","2026-08-13",""
"hargaemas-net","gold","Emas LM Batangan Antam",2,"gr",5340000,0,"IDR","2026-08-13",""
"hargaemas-net","gold","Emas LM Batangan Antam",3,"gr",7985000,0,"IDR","2026-08-13",""
"hargaemas-net","gold","Emas LM Batangan Antam",5,"gr",13275000,0,"IDR","2026-08-13",""
"hargaemas-net","gold","Emas LM Batangan Antam",10,"gr",26495000,0,"IDR","2026-08-13",""
"hargaemas-net","gold","Emas LM Batangan Antam",25,"gr",66112000,0,"IDR","2026-08-13",""
"hargaemas-net","gold","Emas LM Batangan Antam",50,"gr",132145000,0,"IDR","2026-08-13",""
"hargaemas-net","gold","Emas LM Batangan Antam",100,"gr",264212000,0,"IDR","2026-08-13",""
"hargaemas-net","gold","Emas LM Batangan Antam",250,"gr",660265000,0,"IDR","2026-08-13",""
"hargaemas-net","gold","Emas LM Batangan Antam",500,"gr",1320320000,0,"IDR","2026-08-13",""
"hargaemas-net","gold","Emas LM Batangan Antam",1000,"gr",2640600000,0,"IDR","2026-08-13",""
"hargaemas-net","gold","Emas LM Batangan Antam",0.5,"gr",1382000,0,"IDR","2026-08-14",""
"hargaemas-net","gold","Emas LM Batangan Antam",1,"gr",2664000,2510000,"IDR","2026-08-14",""
"hargaemas-net","gold","Emas LM Batangan Antam",2,"gr",5268000,0,"IDR","2026-08-14",""
"hargaemas-net","gold","Emas LM Batangan Antam",3,"gr",7877000,0,"IDR","2026-08-14",""
"hargaemas-net","gold","Emas LM Batangan Antam",5,"gr",13095000,0,"IDR","2026-08-14",""
"hargaemas-net","gold","Emas LM Batangan Antam",10,"gr",26135000,0,"IDR","2026-08-14",""
"hargaemas-net","gold","Emas LM Batangan Antam",25,"gr",65212000,0,"IDR","2026-08-14",""
"hargaemas-net","gold","Emas LM Batangan Antam",50,"gr",130345000,0,"IDR","2026-08-14",""
"hargaemas-net","gold","Emas LM Batangan Antam",100,"gr",260612000,0,"IDR","2026-08-14",""
"hargaemas-net","gold","Emas LM Batangan Antam",250,"gr",651265000,0,"IDR","2026-08-14",""
"hargaemas-net","gold","Emas LM Batangan Antam",500,"gr",1302320000,0,"IDR","2026-08-14",""
"hargaemas-net","gold","Emas LM Batangan Antam",1000,"gr",2604600000,0,"IDR","2026-08-14",""
"hargaemas-net","gold","Emas LM Batangan Antam",0.5,"gr",1387500,0,"IDR","2026-08-15",""
"hargaemas-net","gold","Emas LM Batangan Antam",1,"gr",2675000,2525000,"IDR","2026-08-15",""
"hargaemas-net","gold","Emas LM Batangan Antam",2,"gr",5290000,0,"IDR","2026-08-15",""
"hargaemas-net","gold","Emas LM Batangan Antam",3,"gr",7910000,0,"IDR","2026-08-15",""
"hargaemas-net","gold","Emas LM Batangan Antam",5,"gr",13150000,0,"IDR","2026-08-15",""
"hargaemas-net","gold","Emas LM Batangan Antam",10,"gr",26245000,0,"IDR","2026-08-15",""
"hargaemas-net","gold","Emas LM Batangan Antam",25,"gr",65487000,0,"IDR","2026-08-15",""
"hargaemas-net","gold","Emas LM Batangan Antam",50,"gr",130895000,0,"IDR","2026-08-15",""
"hargaemas-net","gold","Emas LM Batangan Antam",100,"gr",261712000,0,"IDR","2026-08-15",""
"hargaemas-net","gold","Emas LM Batangan Antam",250,"gr",654015000,0,"IDR","2026-08-15",""
"hargaemas-net","gold","Emas LM Batangan Antam",500,"gr",1307820000,0,"IDR","2026-08-15",""
"hargaemas-net","gold","Emas LM Batangan Antam",1000,"gr",2615600000,0,"IDR","2026-08-15",""
"hargaemas-net","gold","Emas LM Batangan Antam",0.5,"gr",1387500,0,"IDR","2026-08-16",""
"hargaemas-net","gold","Emas LM Batangan Antam",1,"gr",2675000,2525000,"IDR","2026-08-16",""
"hargaemas-net","gold","Emas LM Batangan Antam",2,"gr",5290000,0,"IDR","2026-08-16",""
"hargaemas-net","gold","Emas LM Batangan Antam",3,"gr",7910000,0,"IDR","2026-08-16",""
"hargaemas-net","gold","Emas LM Batangan Antam",5,"gr",13150000,0,"IDR","2026-08-16",""
"hargaemas-net","gold","Emas LM Batangan Antam",10,"gr",26245000,0,"IDR","2026-08-16",""
"hargaemas-net","gold","Emas LM Batangan Antam",25,"gr",65487000,0,"IDR","2026-08-16",""
"hargaemas-net","gold","Emas LM Batangan Antam",50,"gr",130895000,0,"IDR","2026-08-16",""
"hargaemas-net","gold","Emas LM Batangan Antam",100,"gr",261712000,0,"IDR","2026-08-16",""
"hargaemas-net","gold","Emas LM Batangan Antam",250,"gr",654015000,0,"IDR","2026-08-16",""
"hargaemas-net","gold","Emas LM Batangan Antam",500,"gr",1307820000,0,"IDR","2026-08-16",""
"hargaemas-net","gold","Emas LM Batangan Antam",1000,"gr",2615600000,0,"IDR","2026-08-16",""
"hargaemas-net","gold","Emas LM Batangan Antam",0.5,"gr",1388500,0,"IDR","2026-08-17",""
"hargaemas-net","gold","Emas LM Batangan Antam",1,"gr",2677000,2530000,"IDR","2026-08-17",""
"hargaemas-net","gold","Emas LM Batangan Antam",2,"gr",5294000,0,"IDR","2026-08-17",""
"hargaemas-net","gold","Emas LM Batangan Antam",3,"gr",7916000,0,"IDR","2026-08-17",""
"hargaemas-net","gold","Emas LM Batangan Antam",5,"gr",13160000,0,"IDR","2026-08-17",""
"hargaemas-net","gold","Emas LM Batangan Antam",10,"gr",26265000,0,"IDR","2026-08-17",""
"hargaemas-net","gold","Emas LM Batangan Antam",25,"gr",65537000,0,"IDR","2026-08-17",""
"hargaemas-net","gold","Emas LM Batangan Antam",50,"gr",130995000,0,"IDR","2026-08-17",""
"hargaemas-net","gold","Emas LM Batangan Antam",100,"gr",261912000,0,"IDR","2026-08-17",""
"hargaemas-net","gold","Emas LM Batangan Antam",250,"gr",654515000,0,"IDR","2026-08-17",""
"hargaemas-net","gold","Emas LM Batangan Antam",500,"gr",1308820000,0,"IDR","2026-08-17",""
"hargaemas-net","gold","Emas LM Batangan Antam",1000,"gr",2617600000,0,"IDR","2026-08-17",""
"hargaemas-net","gold","Emas LM Batangan Antam",0.5,"gr",1397500,0,"IDR","2026-08-18",""
"hargaemas-net","gold","Emas LM Batangan Antam",1,"gr",2695000,2555000,"IDR","2026-08-18",""
"hargaemas-net","gold","Emas LM Batangan Antam",2,"gr",5330000,0,"IDR","2026-08-18",""
"hargaemas-net","gold","Emas LM Batangan Antam",3,"gr",7970000,0,"IDR","2026-08-18",""
"hargaemas-net","gold","Emas LM Batangan Antam",5,"gr",13250000,0,"IDR","2026-08-18",""
"hargaemas-net","gold","Emas LM Batangan Antam",10,"gr",26445000,0,"IDR","2026-08-18",""
"hargaemas-net","gold","Emas LM Batangan Antam",25,"gr",65987000,0,"IDR","2026-08-18",""
"hargaemas-net","gold","Emas LM Batangan Antam",50,"gr",131895000,0,"IDR","2026-08-18",""
"hargaemas-net","gold","Emas LM Batangan Antam",100,"gr",263712000,0,"IDR","2026-08-18",""
"hargaemas-net","gold","Emas LM Batangan Antam",250,"gr",659015000,0,"IDR","2026-08-18",""
"hargaemas-net","gold","Emas LM Batangan Antam",500,"gr",1317820000,0,"IDR","2026-08-18",""
"hargaemas-net","gold","Emas LM Batangan Antam",1000,"gr",2635600000,0,"IDR","2026-08-18",""
"hargaemas-net","gold","Emas LM Batangan Antam",0.5,"gr",1372500,0,"IDR","2026-08-19",""
"hargaemas-net","gold","Emas LM Batangan Antam",1,"gr",2645000,2505000,"IDR","2026-08-19",""
"hargaemas-net","gold","Emas LM Batangan Antam",2,"gr",5230000,0,"IDR","2026-08-19",""
"hargaemas-net","gold","Emas LM Batangan Antam",3,"gr",7820000,0,"IDR","2026-08-19",""
"hargaemas-net","gold","Emas LM Batangan Antam",5,"gr",13000000,0,"IDR","2026-08-19",""
"hargaemas-net","gold","Emas LM Batangan Antam",10,"gr",25945000,0,"IDR","2026-08-19",""
"hargaemas-net","gold","Emas LM Batangan Antam",25,"gr",64737000,0,"IDR","2026-08-19",""
"hargaemas-net","gold","Emas LM Batangan Antam",50,"gr",129395000,0,"IDR","2026-08-19",""
"hargaemas-net","gold","Emas LM Batangan Antam",100,"gr",258712000,0,"IDR","2026-08-19",""
"hargaemas-net","gold","Emas LM Batangan Antam",250,"gr",646515000,0,"IDR","2026-08-19",""
"hargaemas-net","gold","Emas LM Batangan Antam",500,"gr",1292820000,0,"IDR","2026-08-19",""
"hargaemas-net","gold","Emas LM Batangan Antam",1000,"gr",2585600000,0,"IDR","2026-08-19",""
"hargaemas-net","gold","Emas LM Batangan Antam",0.5,"gr",1412500,0,"IDR","2026-08-20",""
"hargaemas-net","gold","Emas LM Batangan Antam",1,"gr",2725000,2585000,"IDR","2026-08-20",""
"hargaemas-net","gold","Emas LM Batangan Antam",2,"gr",5390000,0,"IDR","2026-08-20",""
"hargaemas-net","gold","Emas LM Batangan Antam",3,"gr",8060000,0,"IDR","2026-08-20",""
"hargaemas-net","gold","Emas LM Batangan Antam",5,"gr",13400000,0,"IDR","2026-08-20",""
"hargaemas-net","gold","Emas LM Batangan Antam",10,"gr",26745000,0,"IDR","2026-08-20",""
"hargaemas-net","gold","Emas LM Batangan Antam",25,"gr",66737000,0,"IDR","2026-08-20",""
"hargaemas-net","gold","Emas LM Batangan Antam",50,"gr",133395000,0,"IDR","2026-08-20",""
"hargaemas-net","gold","Emas LM Batangan Antam",100,"gr",266712000,0,"IDR","2026-08-20",""
"hargaemas-net","gold","Emas LM Batangan Antam",250,"gr",666515000,0,"IDR","2026-08-20",""
"hargaemas-net","gold","Emas LM Batangan Antam",500,"gr",1332820000,0,"IDR","2026-08-20",""
"hargaemas-net","gold","Emas LM Batangan Antam",1000,"gr",2665600000,0,"IDR","2026-08-20",""
"hargaemas-net","gold","Emas LM Batangan Antam",0.5,"gr",1412500,0,"IDR","2026-08-21",""
"hargaemas-net","gold","Emas LM Batangan Antam",1,"gr",2725000,2585000,"IDR","2026-08-21",""
"hargaemas-net","gold","Emas LM Batangan Antam",2,"gr",5390000,0,"IDR","2026-08-21",""
"hargaemas-net","gold","Emas LM Batangan Antam",3,"gr",8060000,0,"IDR","2026-08-21",""
"hargaemas-net","gold","Emas LM Batangan Antam",5,"gr",13400000,0,"IDR","2026-08-21",""
"hargaemas-net","gold","Emas LM Batangan Antam",10,"gr",26745000,0,"IDR","2026-08-21",""
"hargaemas-net","gold","Emas LM Batangan Antam",25,"gr",66737000,0,"IDR","2026-08-21",""
"hargaemas-net","gold","Emas LM Batangan Antam",50,"gr",133395000,0,"IDR","2026-08-21",""
"hargaemas-net","gold","Emas LM Batangan Antam",100,"gr",266712000,0,"IDR","2026-08-21",""
"hargaemas-net","gold","Emas LM Batangan Antam",250,"gr",666515000,0,"IDR","2026-08-21",""
"hargaemas-net","gold","Emas LM Batangan Antam",500,"gr",1332820000,0,"IDR","2026-08-21",""
"hargaemas-net","gold","Emas LM Batangan Antam",1000,"gr",2665600000,0,"IDR","2026-08-21",""
"hargaemas-net","gold","Emas LM Batangan Antam",0.5,"gr",1420000,0,"IDR","2026-08-22",""
"hargaemas-net","gold","Emas LM Batangan Antam",1,"gr",2740000,2600000,"IDR","2026-08-22",""
"hargaemas-net","gold","Emas LM Batangan Antam",2,"gr",5420000,0,"IDR","2026-08-22",""
"hargaemas-net","gold","Emas LM Batangan Antam",3,"gr",8105000,0,"IDR","2026-08-22",""
"hargaemas-net","gold","Emas LM Batangan Antam",5,"gr",13475000,0,"IDR","2026-08-22",""
"hargaemas-net","gold","Emas LM Batangan Antam",10,"gr",26895000,0,"IDR","2026-08-22",""
"hargaemas-net","gold","Emas LM Batangan Antam",25,"gr",67112000,0,"IDR","2026-08-22",""
"hargaemas-net","gold","Emas LM Batangan Antam",50,"gr",134145000,0,"IDR","2026-08-22",""
"hargaemas-net","gold","Emas LM Batangan Antam",100,"gr",268212000,0,"IDR","2026-08-22",""
"hargaemas-net","gold","Emas LM Batangan Antam",250,"gr",670265000,0,"IDR","2026-08-22",""
"hargaemas-net","gold","Emas LM Batangan Antam",500,"gr",1340320000,0,"IDR","2026-08-22",""
"hargaemas-net","gold","Emas LM Batangan Antam",1000,"gr",2680600000,0,"IDR","2026-08-22",""
"hargaemas-net","gold","Emas LM Batangan Antam",0.5,"gr",1420000,0,"IDR","2026-08-23",""
"hargaemas-net","gold","Emas LM Batangan Antam",1,"gr",2740000,2600000,"IDR","2026-08-23",""
"hargaemas-net","gold","Emas LM Batangan Antam",2,"gr",5420000,0,"IDR","2026-08-23",""
"hargaemas-net","gold","Emas LM Batangan Antam",3,"gr",8105000,0,"IDR","2026-08-23",""
"hargaemas-net","gold","Emas LM Batangan Antam",5,"gr",13475000,0,"IDR","2026-08-23",""
"hargaemas-net","gold","Emas LM Batangan Antam",10,"gr",26895000,0,"IDR","2026-08-23",""
"hargaemas-net","gold","Emas LM Batangan Antam",25,"gr",67112000,0,"IDR","2026-08-23",""
"hargaemas-net","gold","Emas LM Batangan Antam",50,"gr",134145000,0,"IDR","2026-08-23",""
"hargaemas-net","gold","Emas LM Batangan Antam",100,"gr",268212000,0,"IDR","2026-08-23",""
"hargaemas-net","gold","Emas LM Batangan Antam",250,"gr",670265000,0,"IDR","2026-08-23",""
"hargaemas-net","gold","Emas LM Batangan Antam",500,"gr",1340320000,0,"IDR","2026-08-23",""
"hargaemas-net","gold","Emas LM Batangan Antam",1000,"gr",2680600000,0,"IDR","2026-08-23",""
"hargaemas-net","gold","Emas LM Batangan Antam",0.5,"gr",1425000,0,"IDR","2026-08-24",""
"hargaemas-net","gold","Emas LM Batangan Antam",1,"gr",2750000,2610000,"IDR","2026-08-24",""
"hargaemas-net","gold","Emas LM Batangan Antam",2,"gr",5440000,0,"IDR","2026-08-24",""
"hargaemas-net","gold","Emas LM Batangan Antam",3,"gr",8135000,0,"IDR","2026-08-24",""
"hargaemas-net","gold","Emas LM Batangan Antam",5,"gr",13525000,0,"IDR","2026-08-24",""
"hargaemas-net","gold","Emas LM Batangan Antam",10,"gr",26995000,0,"IDR","2026-08-24",""
"hargaemas-net","gold","Emas LM Batangan Antam",25,"gr",67362000,0,"IDR","2026-08-24",""
"hargaemas-net","gold","Emas LM Batangan Antam",50,"gr",134645000,0,"IDR","2026-08-24",""
"hargaemas-net","gold","Emas LM Batangan Antam",100,"gr",269212000,0,"IDR","2026-08-24",""
"hargaemas-net","gold","Emas LM Batangan Antam",250,"gr",672765000,0,"IDR","2026-08-24",""
"hargaemas-net","gold","Emas LM Batangan Antam",500,"gr",1345320000,0,"IDR","2026-08-24",""
"hargaemas-net","gold","Emas LM Batangan Antam",1000,"gr",2690600000,0,"IDR","2026-08-24",""
"hargaemas-net","gold","Emas LM Batangan Antam",0.5,"gr",1434000,0,"IDR","2026-08-25",""
"hargaemas-net","gold","Emas LM Batangan Antam",1,"gr",2768000,2628000,"IDR","2026-08-25",""
"hargaemas-net","gold","Emas LM Batangan Antam",2,"gr",5476000,0,"IDR","2026-08-25",""
"hargaemas-net","gold","Emas LM Batangan Antam",3,"gr",8189000,0,"IDR","2026-08-25",""
"hargaemas-net","gold","Emas LM Batangan Antam",5,"gr",13615000,0,"IDR","2026-08-25",""
"hargaemas-net","gold","Emas LM Batangan Antam",10,"gr",27175000,0,"IDR","2026-08-25",""
"hargaemas-net","gold","Emas LM Batangan Antam",25,"gr",67812000,0,"IDR","2026-08-25",""
"hargaemas-net","gold","Emas LM Batangan Antam",50,"gr",135545000,0,"IDR","2026-08-25",""
"hargaemas-net","gold","Emas LM Batangan Antam",100,"gr",271012000,0,"IDR","2026-08-25",""
"hargaemas-net","gold","Emas LM Batangan Antam",250,"gr",677265000,0,"IDR","2026-08-25",""
"hargaemas-net","gold","Emas LM Batangan Antam",500,"gr",1354320000,0,"IDR","2026-08-25",""
"hargaemas-net","gold","Emas LM Batangan Antam",1000,"gr",2708600000,0,"IDR","2026-08-25",""
"hargaemas-net","gold","Emas LM Batangan Antam",0.5,"gr",1425000,0,"IDR","2026-08-26",""
"hargaemas-net","gold","Emas LM Batangan Antam",1,"gr",2750000,2610000,"IDR","2026-08-26",""
"hargaemas-net","gold","Emas LM Batangan Antam",2,"gr",5440000,0,"IDR","2026-08-26",""
"hargaemas-net","gold","Emas LM Batangan Antam",3,"gr",8135000,0,"IDR","2026-08-26",""
"hargaemas-net","gold","Emas LM Batangan Antam",5,"gr",13525000,0,"IDR","2026-08-26",""
"hargaemas-net","gold","Emas LM Batangan Antam",10,"gr",26995000,0,"IDR","2026-08-26",""
"hargaemas-net","gold","Emas LM Batangan Antam",25,"gr",67362000,0,"IDR","2026-08-26",""
"hargaemas-net","gold","Emas LM Batangan Antam",50,"gr",134645000,0,"IDR","2026-08-26",""
"hargaemas-net","gold","Emas LM Batangan Antam",100,"gr",269212000,0,"IDR","2026-08-26",""
"hargaemas-net","gold","Emas LM Batangan Antam",250,"gr",672765000,0,"IDR","2026-08-26",""
"hargaemas-net","gold","Emas LM Batangan Antam",500,"gr",1345320000,0,"IDR","2026-08-26",""
"hargaemas-net","gold","Emas LM Batangan Antam",1000,"gr",2690600000,0,"IDR","2026-08-26",""
"hargaemas-net","gold","Emas LM Batangan Antam",0.5,"gr",1411500,0,"IDR","2026-08-27",""
"hargaemas-net","gold","Emas LM Batangan Antam",1,"gr",2723000,2583000,"IDR","2026-08-27",""
"hargaemas-net","gold","Emas LM Batangan Antam",2,"gr",5386000,0,"IDR","2026-08-27",""
"hargaemas-net","gold","Emas LM Batangan Antam",3,"gr",8054000,0,"IDR","2026-08-27",""
"hargaemas-net","gold","Emas LM Batangan Antam",5,"gr",13390000,0,"IDR","2026-08-27",""
"hargaemas-net","gold","Emas LM Batangan Antam",10,"gr",26725000,0,"IDR","2026-08-27",""
"hargaemas-net","gold","Emas LM Batangan Antam",25,"gr",66687000,0,"IDR","2026-08-27",""
"hargaemas-net","gold","Emas LM Batangan Antam",50,"gr",133295000,0,"IDR","2026-08-27",""
"hargaemas-net","gold","Emas LM Batangan Antam",100,"gr",266512000,0,"IDR","2026-08-27",""
"hargaemas-net","gold","Emas LM Batangan Antam",250,"gr",666015000,0,"IDR","2026-08-27",""
"hargaemas-net","gold","Emas LM Batangan Antam",500,"gr",1331820000,0,"IDR","2026-08-27",""
"hargaemas-net","gold","Emas LM Batangan Antam",1000,"gr",2663600000,0,"IDR","2026-08-27",""
"hargaemas-net","gold","Emas LM Batangan Antam",0.5,"gr",1409000,0,"IDR","2026-08-28",""
"hargaemas-net","gold","Emas LM Batangan Antam",1,"gr",2718000,2578000,"IDR","2026-08-28",""
"hargaemas-net","gold","Emas LM Batangan Antam",2,"gr",5376000,0,"IDR","2026-08-28",""
"hargaemas-net","gold","Emas LM Batangan Antam",3,"gr",8039000,0,"IDR","2026-08-28",""
"hargaemas-net","gold","Emas LM Batangan Antam",5,"gr",13365000,0,"IDR","2026-08-28",""
"hargaemas-net","gold","Emas LM Batangan Antam",10,"gr",26675000,0,"IDR","2026-08-28",""
"hargaemas-net","gold","Emas LM Batangan Antam",25,"gr",66562000,0,"IDR","2026-08-28",""
"hargaemas-net","gold","Emas LM Batangan Antam",50,"gr",133045000,0,"IDR","2026-08-28",""
"hargaemas-net","gold","Emas LM Batangan Antam",100,"gr",266012000,0,"IDR","2026-08-28",""
"hargaemas-net","gold","Emas LM Batangan Antam",250,"gr",664765000,0,"IDR","2026-08-28",""
"hargaemas-net","gold","Emas LM Batangan Antam",500,"gr",1329320000,0,"IDR","2026-08-28",""
"hargaemas-net","gold","Emas LM Batangan Antam",1000,"gr",2658600000,0,"IDR","2026-08-28",""
